"6BR31","0.11"
"9HST179","0.08"
"820 YTP","0.17"
"660 FHD","0.16"
"WWL-218","0.17"
"480M3","0.10"
"140G4","0.18"
"37LI273","0.10"
"74-48819","0.03"
"5DE M98","0.18"
"DE-6030","0.04"
"Q07 0FE","0.17"
"15P R46","0.09"
"414 2TA","0.15"
"KX3 0401","0.15"
"4IPA 89","0.08"
"3O 6765E","0.07"
"VQG 911","0.12"
"061 BNO","0.14"
"QOX-240","0.14"
"MRV-148","0.05"
"VA7 F5M","0.14"
"FCS 719","0.20"
"BVF-1367","0.12"
"703 OQO","0.16"
"748K0","0.09"
"95C•123","0.14"
"167-RSM","0.08"
"AU-2800","0.15"
"347 BGV","0.06"
"SWR9779","0.01"
"168 GFV","0.08"
"433 5GI","0.10"
"XSI 663","0.14"
"2N JM161","0.08"
"ETD 865","0.20"
"319NQ","0.18"
"831 LJN","0.10"
"IVP-028","0.16"
"32-X631","0.14"
"BDW 491","0.01"
"LEN 951","0.09"
"7265","0.01"
"RP5 5768","0.02"
"574 TOS","0.07"
"DZA9084","0.03"
"T03 7ZS","0.06"
"515-AUW","0.19"
"487Q","0.11"
"MGV 461","0.15"
"ETE 382","0.03"
"6745 CU","0.13"
"13X YW5","0.11"
"18F 119","0.11"
"1I PV243","0.10"
"VAH-214","0.14"
"96K 513","0.07"
"101 ZOZ","0.08"
"732HHA","0.09"
"963P","0.19"
"AWS9025","0.12"
"419MMI","0.20"
"3QN10","0.18"
"326-KBW","0.19"
"5-97349","0.19"
"XHK-665","0.20"
"O14 5ZW","0.02"
"IAJ 072","0.11"
"OH 40615","0.13"
"7SZ5627","0.01"
"623-ZMU","0.05"
"CDC 595","0.16"
"217 EM0","0.03"
"EH 0523","0.10"
"5EQ 735","0.06"
"5QJU 22","0.02"
"GVM3343","0.20"
"U81-HEV","0.11"
"QNN 675","0.19"
"ZDC 392","0.14"
"191 BRZ","0.07"
"251CYV","0.10"
"83L Z53","0.01"
"9EF X44","0.08"
"C11 1LC","0.09"
"6IY5884","0.09"
"161927","0.18"
"161 PZ8","0.06"
"39F E52","0.09"
"YX4 S9Y","0.16"
"8B 8312M","0.19"
"56B 7991","0.12"
"582 KGH","0.11"
"946 7OE","0.09"
"59-02737","0.20"
"8463 OL","0.03"
"828 NBF","0.12"
"SLS 020","0.06"
"053-HJJ","0.19"
"ERY-508","0.16"
"AIX5934","0.02"
"6GV B21","0.12"
"HBF-562","0.14"
"0MJ B18","0.20"
"51-95556","0.07"
"5V 1107K","0.01"
"516-AET","0.14"
"90TH264","0.12"
"158094","0.12"
"ZJC-1612","0.15"
"2ZG 585","0.14"
"1-77338","0.15"
"37T Q60","0.06"
"113-DZO","0.07"
"E58 3EC","0.02"
"587821","0.20"
"GNJ-7434","0.18"
"5-98211","0.08"
"207-ZBVB","0.11"
"HKR 824","0.14"
"X10 6UR","0.16"
"89D HM4","0.10"
"985566","0.17"
"824 PYG","0.20"
"379 QNA","0.02"
"R41 9WU","0.05"
"PRH-198","0.16"
"7GV2424","0.06"
"0-94340O","0.16"
"901MHX","0.20"
"199GDL","0.14"
"771 HSF","0.14"
"893 ZXR","0.03"
"2U F8940","0.15"
"6P 3098R","0.05"
"0Y786","0.20"
"814CT","0.06"
"254715","0.10"
"426 FRJ","0.20"
"792 7KL","0.04"
"6385","0.06"
"AAB1526","0.10"
"696JA","0.09"
"33U D84","0.19"
"F07 0CO","0.13"
"MP4 1176","0.08"
"67-04326","0.02"
"2-5450N","0.17"
"TMO 920","0.13"
"ABT-667","0.19"
"L 085276","0.04"
"3VA9033","0.16"
"231 EK3","0.02"
"467 PUD","0.15"
"936666","0.12"
"832 9OV","0.05"
"WCI 402","0.01"
"2-4013A","0.17"
"977 ZYG","0.17"
"44CY9","0.04"
"51Q W59","0.03"
"235 XLA","0.19"
"8S 97009","0.08"
"ICY-8821","0.17"
"JTF 805","0.13"
"PLS 595","0.10"
"450982","0.15"
"ZUN 395","0.17"
"DVI-740","0.01"
"KEZ-9728","0.07"
"822-ABFN","0.19"
"546 BAV","0.18"
"RTZ7205","0.10"
"31K 761","0.07"
"453 RHF","0.09"
"148-EXO","0.04"
"73-F479","0.06"
"8WD X06","0.20"
"9-68712V","0.07"
"37-6123Z","0.05"
"E95 1XW","0.09"
"0TJ X73","0.19"
"ZZC 650","0.16"
"FFF-146","0.10"
"LET 878","0.11"
"77X J25","0.20"
"Q42 4SW","0.15"
"972 2841","0.13"
"038 WNH","0.15"
"VHA-6176","0.09"
"938 WTU","0.02"
"YEU 290","0.09"
"TJX-267","0.14"
"61I J15","0.14"
"2VK68","0.19"
"731UJA","0.11"
"BKR6980","0.02"
"490-KOC","0.04"
"B80 4QV","0.11"
"RGP 920","0.08"
"706NFY","0.10"
"1JSK 17","0.14"
"791 ZED","0.02"
"734 3579","0.14"
"521 6PJ","0.17"
"PHH-3057","0.02"
"829-541","0.07"
"JJV-9646","0.15"
"1IMI 58","0.03"
"084 ZWG","0.12"
"OVH-9485","0.08"
"36Q 755","0.20"
"LZN 339","0.07"
"2S 5632B","0.07"
"83K•398","0.07"
"FOC 945","0.10"
"916-GVE","0.09"
"22L•517","0.04"
"645 TAX","0.01"
"7AD7949","0.03"
"328-HRB","0.15"
"XLI 547","0.15"
"3-38475","0.11"
"XBJ 550","0.04"
"30-04396","0.12"
"SQD5855","0.15"
"HUK7878","0.14"
"9D 0J8MDB","0.14"
"KJW 959","0.03"
"FBX-4223","0.16"
"AKI1911","0.05"
"461 SDV","0.20"
"VCR1823","0.18"
"VIX-617","0.08"
"961 6KW","0.14"
"9-9141Y","0.17"
"LSM 384","0.12"
"5II 719","0.07"
"ZRB3210","0.12"
"8QF 054","0.15"
"HQB 070","0.19"
"319 GCE","0.16"
"4LS 563","0.14"
"LFH 647","0.19"
"019 VKQ","0.16"
"270 7GQ","0.17"
"22-5092L","0.14"
"X64-CVR","0.04"
"44M CH3","0.02"
"97-IJ23","0.09"
"80-79681","0.18"
"BLL-1840","0.17"
"176-HFF","0.14"
"5Q503","0.16"
"72-4989A","0.18"
"KRP 999","0.04"
"43O 627","0.14"
"UUV-8808","0.07"
"576-INC","0.17"
"NPT-998","0.07"
"93V 560","0.07"
"SEJ-636","0.14"
"1T 0188Z","0.10"
"752 RHQ","0.10"
"128 HTC","0.18"
"JTP-5728","0.04"
"TR 21351","0.04"
"W45-SUN","0.05"
"VBF 263","0.17"
"HLS 780","0.05"
"3L706","0.07"
"990-IQM","0.09"
"4B XE812","0.17"
"099 PTS","0.20"
"116OHX","0.01"
"2GI6233","0.07"
"611 NVM","0.07"
"386-MMM","0.12"
"S03 7TN","0.15"
"UIL-918","0.16"
"080 RSP","0.05"
"5-83909E","0.16"
"6N 5D4RRH","0.06"
"147-295","0.13"
"69-MX24","0.12"
"6K 0R2YUC","0.18"
"0TE M80","0.18"
"ZSH 754","0.05"
"196 QCJ","0.10"
"57QR761","0.11"
"0Q N1964","0.16"
"8Q WW722","0.01"
"39U 692","0.19"
"801RLZ","0.14"
"40Y OH6","0.14"
"4501 AO","0.02"
"323-907","0.05"
"2WP 588","0.04"
"K40 9OQ","0.09"
"SYH1700","0.04"
"9O 3291I","0.16"
"947-AGB","0.02"
"2OJ7180","0.10"
"538 WUH","0.10"
"WNT3688","0.16"
"ZNP 898","0.17"
"5CZ 458","0.19"
"RQC-5134","0.13"
"RLY 374","0.14"
"818P3","0.09"
"9ZU C63","0.07"
"I01 2XK","0.09"
"BEN 965","0.18"
"269 MYY","0.04"
"RHR5869","0.13"
"329-OJK","0.13"
"WSN-9017","0.06"
"U50 1FA","0.03"
"561 ATV","0.12"
"5FO5338","0.06"
"XUU-5686","0.09"
"34GZ1","0.18"
"VLJ-9269","0.01"
"5PD 249","0.02"
"PSR-4664","0.16"
"53HF0","0.11"
"5WL0198","0.16"
"CY 53467","0.11"
"XLZ 4162","0.11"
"RZA-9579","0.03"
"0QW R19","0.01"
"791-363","0.03"
"AOE 900","0.10"
"078-NZZ","0.05"
"ZNW-1398","0.07"
"70P RK7","0.07"
"29-V679","0.06"
"840-JZN","0.19"
"NJ8 Y2J","0.10"
"197-LPY","0.15"
"6-29651Z","0.20"
"288 1PE","0.02"
"9ZND214","0.01"
"DDK-233","0.01"
"098WE","0.05"
"533 HZ4","0.06"
"D57-IIK","0.07"
"ZPB 998","0.12"
"708-ERIB","0.17"
"674-SNZ","0.16"
"1S JO163","0.13"
"KGH 179","0.02"
"695-GVG","0.07"
"KX 7840","0.14"
"DWR 100","0.20"
"GXQ 082","0.12"
"QMD 123","0.14"
"0-7989D","0.02"
"WIS 404","0.20"
"319-LJL","0.12"
"9SKH370","0.09"
"ZED 718","0.19"
"226 HLY","0.15"
"17-1073U","0.18"
"NZW-294","0.13"
"ZQG-4453","0.18"
"88H B91","0.03"
"UHQ 777","0.13"
"69YX081","0.08"
"43PV026","0.05"
"TCS 703","0.07"
"846 LLH","0.06"
"EBE-532","0.08"
"735 QGV","0.03"
"74-S214","0.16"
"9-31254","0.01"
"R96-51C","0.17"
"673SS","0.14"
"4LV 780","0.17"
"W12-FKP","0.20"
"395-VKI","0.15"
"1LK R83","0.08"
"67V 3054","0.01"
"4FDN594","0.15"
"60HW3","0.16"
"OO 6158","0.15"
"SWJ4748","0.04"
"H41 5UW","0.16"
"879-TWK","0.03"
"873 1DJ","0.14"
"KTG M08","0.11"
"67-81587","0.05"
"MTF 980","0.18"
"678-END","0.18"
"BBN4014","0.12"
"JDI 694","0.01"
"082SRK","0.09"
"ZYP 561","0.09"
"B96 0DD","0.19"
"JXY 9794","0.19"
"4IC S83","0.02"
"GCG-6469","0.06"
"EA-2367","0.02"
"2EC N33","0.16"
"531-300","0.06"
"6DZ C19","0.13"
"HHN-9886","0.05"
"05K J24","0.07"
"EKM-4758","0.10"
"ZAC-379","0.08"
"GA 7954","0.15"
"8526","0.11"
"BLP 652","0.12"
"SIE3653","0.10"
"583 6TW","0.14"
"619 YFJ","0.16"
"HD-4554","0.01"
"BF 68318","0.11"
"97-TV87","0.01"
"2XC8755","0.10"
"FEK 265","0.01"
"5-40724","0.11"
"0ZZ 068","0.04"
"MCB 413","0.16"
"497 ZAP","0.17"
"272 HFL","0.12"
"809 CJK","0.19"
"275-SIM","0.13"
"1-17244","0.06"
"3-48273Z","0.12"
"38T WF1","0.20"
"MAD8259","0.10"
"479-VCD","0.10"
"525 UAM","0.07"
"HOC 517","0.20"
"ZJR-418","0.16"
"95-6341X","0.01"
"IPX5145","0.06"
"V61 6JR","0.05"
"832OMF","0.01"
"565BJ","0.08"
"KRF-522","0.17"
"DQG 206","0.05"
"9E YU383","0.17"
"DWG1655","0.11"
"GA 4647","0.05"
"98-XA60","0.02"
"DHR-4639","0.19"
"XIN 916","0.13"
"839-YEET","0.17"
"09D B74","0.06"
"OBG-9022","0.09"
"306 IEH","0.08"
"MFI 024","0.06"
"9V 5015X","0.05"
"MAE 783","0.12"
"617-BQK","0.04"
"VXV-2820","0.17"
"MWX 032","0.06"
"2698 MF","0.08"
"743-OPG","0.19"
"UOB-570","0.19"
"KUZ-1120","0.02"
"768G","0.10"
"8BZT497","0.10"
"018-VMV","0.11"
"277-QME","0.18"
"736 RSV","0.10"
"751OH","0.16"
"OW 3544","0.04"
"E45-HGO","0.13"
"63-7750U","0.15"
"696 IMJ","0.02"
"5079","0.05"
"9YJ21","0.15"
"KT0 6016","0.12"
"45E 347","0.15"
"405 AFB","0.20"
"H05-ALC","0.07"
"445 YX9","0.02"
"0G 7488L","0.14"
"IE 2870","0.01"
"CNN-4684","0.04"
"105 8263","0.13"
"912-TEX","0.03"
"4OB 434","0.03"
"9HL98","0.07"
"16Z AE1","0.15"
"KGG 346","0.04"
"D39 7EL","0.08"
"4504","0.19"
"06N 269","0.06"
"EV-3149","0.15"
"VCE 992","0.08"
"9ZX6213","0.18"
"498LI","0.11"
"DME4160","0.02"
"77-40700","0.12"
"3C927","0.17"
"HEQ 683","0.04"
"676 VCF","0.04"
"1-90971","0.18"
"JAI 302","0.07"
"77W•233","0.15"
"5NI4705","0.04"
"075-OEG","0.16"
"911 LBO","0.19"
"1D 7096Q","0.11"
"702-071","0.20"
"T50 9WG","0.11"
"XGW 606","0.12"
"WRN H44","0.13"
"554B","0.13"
"JZN 7613","0.04"
"SMW-824","0.09"
"L98 8BU","0.07"
"2SIA863","0.08"
"64Y K74","0.03"
"626 QPR","0.20"
"LEE 421","0.16"
"385FKJ","0.06"
"3975","0.07"
"1633 FQ","0.19"
"BEG-7931","0.19"
"PGS-8640","0.20"
"02E 068","0.18"
"BYY-3365","0.19"
"093 ZXE","0.04"
"GYE-770","0.18"
"EMD-9775","0.02"
"480-CSF","0.16"
"868-RYF","0.14"
"DBU 272","0.09"
"CY 0958","0.15"
"197-WBY","0.17"
"609-GTG","0.04"
"8-2926Y","0.02"
"545-KDT","0.10"
"3FT 671","0.15"
"7-1608B","0.06"
"10V 946","0.05"
"213L","0.01"
"TXG-4577","0.13"
"X29-FNT","0.02"
"845 0KB","0.18"
"3587","0.20"
"S05-SNT","0.09"
"72N 252","0.05"
"16G•604","0.18"
"4-28141","0.05"
"999 TWR","0.07"
"2FRF237","0.17"
"5232","0.07"
"VE0 E8S","0.02"
"7JO8530","0.07"
"676 INA","0.01"
"929 7296","0.14"
"9PP 433","0.11"
"I86 3CA","0.11"
"WGH-2769","0.15"
"987 IYM","0.16"
"PAI-804","0.08"
"81H BC5","0.08"
"369-542","0.04"
"682 ZA4","0.03"
"HJ-7475","0.03"
"AMH 944","0.02"
"D30 0YB","0.14"
"P72 9VQ","0.01"
"125EOX","0.14"
"75J L01","0.05"
"8IH F54","0.18"
"UWQ 141","0.06"
"71TR1","0.02"
"921BAN","0.06"
"MPF-4221","0.06"
"890 0CP","0.06"
"1OZK710","0.02"
"2LP4550","0.13"
"21A•484","0.11"
"KXV-567","0.03"
"CLK 401","0.11"
"OB 95862","0.17"
"9K SL402","0.09"
"00P•961","0.07"
"398 MRS","0.08"
"QIB-571","0.10"
"16J S37","0.06"
"637138","0.12"
"S 082571","0.08"
"520 FKK","0.06"
"7F 8399O","0.06"
"RA-6751","0.04"
"FTR 023","0.16"
"XIN-559","0.15"
"5-Y8272","0.11"
"59F 8104","0.01"
"151-JIU","0.13"
"8OW61","0.10"
"KCP-340","0.17"
"ZCW 040","0.13"
"ZQY 574","0.16"
"10CR263","0.07"
"FNK 183","0.13"
"5DLQ 41","0.09"
"077 UBN","0.19"
"TBN Z27","0.08"
"JNG 375","0.20"
"CEB 417","0.19"
"R28-DYT","0.14"
"4UG P11","0.05"
"WCS 439","0.20"
"9ON 632","0.01"
"S02 6AD","0.12"
"93F•649","0.17"
"3VN73","0.01"
"PPF-336","0.19"
"52-F132","0.07"
"2065","0.18"
"805ORB","0.14"
"IFU-5592","0.08"
"410-CGF","0.18"
"LYA 814","0.03"
"524 GYE","0.12"
"G22 3MK","0.06"
"1J IT923","0.11"
"ZFR-1494","0.18"
"FF4 B9O","0.04"
"PX 9413","0.15"
"097 IIU","0.01"
"430 LCE","0.17"
"78-5515G","0.17"
"9-3214N","0.07"
"3DP 250","0.12"
"9-U7051","0.05"
"Z74 6IP","0.07"
"7DU D20","0.15"
"9XO 500","0.02"
"E15 6QR","0.01"
"NUL0052","0.14"
"K01-SRG","0.17"
"4-24578","0.19"
"425 WET","0.03"
"J27 8TN","0.08"
"330 8270","0.07"
"693-NLN","0.02"
"GD 8372","0.07"
"11XM227","0.01"
"QYJ 145","0.12"
"4A 2O7DPY","0.17"
"8KN D41","0.08"
"322 LMF","0.03"
"8AH 161","0.08"
"HLF 330","0.10"
"KDT I50","0.03"
"KZQ4252","0.05"
"825 5434","0.11"
"283-355","0.06"
"7-Y5604","0.02"
"73F D28","0.18"
"0B 1W3JTX","0.03"
"3XS5583","0.18"
"92YR9","0.01"
"QGX-4844","0.11"
"97U 364","0.11"
"121-FXZ","0.01"
"MOD 279","0.19"
"7715","0.16"
"D22-17T","0.08"
"19L R70","0.02"
"7-72303J","0.02"
"BVE-060","0.18"
"48-18802","0.19"
"5DZ14","0.17"
"000 DHN","0.01"
"PRI-8850","0.04"
"8367","0.09"
"9HDV 30","0.18"
"WN5 7449","0.10"
"031959","0.01"
"FBB 777","0.11"
"903-FGF","0.07"
"4-00918","0.20"
"083 0HB","0.16"
"VYK 529","0.02"
"38-I603","0.19"
"QLZ4161","0.09"
"Q89-35N","0.07"
"8YR 146","0.06"
"W46-TNN","0.19"
"4UMA 51","0.05"
"7KC09","0.06"
"4874","0.01"
"RSA 825","0.13"
"99S 333","0.08"
"12-56157","0.20"
"IWE-635","0.16"
"5238 TZ","0.20"
"0-56157","0.05"
"TV0 V4N","0.14"
"282 KCL","0.03"
"XCQ 891","0.02"
"28Q M63","0.06"
"13-12884","0.16"
"683SHV","0.10"
"9Y 9D0LUS","0.01"
"ZLE 312","0.15"
"CKM-732","0.18"
"37E 086","0.16"
"DSE-9026","0.11"
"3I 0K8EOM","0.15"
"39E 921","0.04"
"41S•494","0.13"
"744-JLB","0.11"
"MAE 438","0.17"
"MHG 320","0.01"
"KMW 316","0.18"
"DOP-2112","0.17"
"59CA582","0.13"
"ATC 951","0.18"
"925-JMD","0.04"
"2AA2441","0.10"
"68V 627","0.14"
"425FXJ","0.08"
"0CA 063","0.15"
"779-WTT","0.20"
"58V LW8","0.02"
"3S 7629M","0.20"
"MMI 154","0.10"
"FG8 0842","0.17"
"795 WVB","0.06"
"884 WZF","0.08"
"KKJ 238","0.16"
"M63 6RF","0.18"
"3118 LN","0.02"
"1EW9571","0.02"
"524 BIZ","0.17"
"32R 7401","0.20"
"M52-22U","0.16"
"NQN 098","0.01"
"ZPU 075","0.17"
"85O ZD1","0.12"
"ID1 S6X","0.07"
"180ADD","0.10"
"7388 UG","0.11"
"902207","0.19"
"R 878576","0.10"
"244OI","0.14"
"81G 475","0.08"
"181 OQ3","0.17"
"YR3 1361","0.05"
"7032 QR","0.08"
"LWT-0778","0.03"
"SLJ 876","0.05"
"OAB U42","0.14"
"KXG 889","0.17"
"208BKW","0.16"
"G50 6XM","0.04"
"4RB 250","0.15"
"53K Q53","0.13"
"559168","0.08"
"YST-648","0.04"
"ZEM T29","0.07"
"6XZ6514","0.18"
"IUO 084","0.19"
"6606 AK","0.20"
"404H8","0.18"
"209 UVF","0.19"
"SKO-702","0.15"
"5GW49","0.05"
"6GG2962","0.09"
"386 3191","0.14"
"8ZH 525","0.12"
"84-NZ37","0.02"
"617-TQUN","0.14"
"86RG3","0.03"
"02R•981","0.06"
"9DH6997","0.20"
"H84 6ZB","0.16"
"RRX 293","0.17"
"88C 423","0.14"
"3-H1437","0.07"
"V39 7MT","0.11"
"703 RZZ","0.09"
"98GS126","0.17"
"208 5SL","0.10"
"732 7516","0.12"
"GEJ-164","0.17"
"HOD 108","0.12"
"466 QZE","0.11"
"81-FG71","0.15"
"384 OUS","0.15"
"24-9249S","0.07"
"YF-9219","0.13"
"J99 3TD","0.15"
"JXA6625","0.18"
"COS-5924","0.15"
"9-1741B","0.06"
"214 YTC","0.09"
"OB 3655","0.07"
"729FPM","0.02"
"531-TJN","0.11"
"5004 JL","0.08"
"HRU7043","0.16"
"4QA78","0.12"
"1-81714T","0.11"
"659-LUVA","0.18"
"1L 0774P","0.04"
"1T 6322D","0.16"
"78-S164","0.20"
"ILU-8251","0.18"
"3LM P05","0.08"
"5SJ3248","0.12"
"656-000","0.02"
"009-UZG","0.01"
"647 AZM","0.15"
"OI 88986","0.12"
"1YEK340","0.15"
"128XY","0.07"
"WKN-628","0.02"
"455-SCK","0.18"
"487-JAV","0.20"
"800TJP","0.14"
"GD 8737","0.04"
"J73-PDQ","0.08"
"335822","0.20"
"13L 994","0.06"
"FII 782","0.18"
"G60 4VF","0.12"
"9AO4765","0.11"
"6AZ 636","0.20"
"532J7","0.11"
"03-0216B","0.06"
"553 ONN","0.17"
"4NE 154","0.01"
"538 OUU","0.05"
"12G H37","0.14"
"BLR 7411","0.17"
"001H0","0.08"
"818WU","0.20"
"ONX4561","0.20"
"88-Z043","0.13"
"4339","0.05"
"2ZY P98","0.05"
"QTY 820","0.15"
"ZHU 315","0.10"
"RIU-3676","0.13"
"74-AE76","0.01"
"O22 3WF","0.01"
"51GZ5","0.07"
"2A647","0.05"
"5KBY 97","0.14"
"429 KMS","0.07"
"HKI 005","0.15"
"9-61212J","0.19"
"4QL 516","0.12"
"HAV 628","0.05"
"5233 UI","0.03"
"XLY-048","0.09"
"440MJ","0.20"
"675 OFB","0.16"
"2YS9824","0.03"
"8-25664Y","0.17"
"01Y Z11","0.07"
"6NLO446","0.17"
"YBV3920","0.12"
"103 HVC","0.15"
"MOU 669","0.02"
"6NM 805","0.20"
"VKG 742","0.17"
"20Q R81","0.08"
"88-K462","0.13"
"050 4PS","0.13"
"955 ZOY","0.01"
"SQD 047","0.07"
"IO7 Z3Q","0.17"
"KE 81126","0.10"
"L43 9BJ","0.03"
"PQO-5206","0.06"
"2R 8908A","0.06"
"6XJ P43","0.16"
"000 UDR","0.14"
"8VG T72","0.17"
"330 RMX","0.06"
"KVY 020","0.01"
"VDA-5116","0.15"
"MUN 544","0.13"
"1NFH 86","0.07"
"H 633238","0.10"
"V25 5FC","0.03"
"130AMI","0.10"
"886BRP","0.13"
"61-15313","0.19"
"4ZR2166","0.16"
"39-J047","0.19"
"ANY-2437","0.11"
"6I 09065","0.09"
"BCN 712","0.20"
"KWU 107","0.16"
"9GZ 578","0.01"
"NRV2158","0.14"
"F83 1OI","0.08"
"B 944331","0.10"
"BO-6227","0.16"
"HXL 182","0.19"
"HAZ 602","0.09"
"OPK-8179","0.12"
"O13 2LK","0.12"
"UGJ 042","0.09"
"HQS 654","0.16"
"OHK O18","0.09"
"420-CNS","0.07"
"D79 5BU","0.03"
"5-46952T","0.01"
"1VM G73","0.13"
"1BQ 077","0.15"
"GLH 305","0.18"
"54BE548","0.13"
"RKI 365","0.14"
"EFT3658","0.06"
"85-44646","0.20"
"7-N7087","0.12"
"RSM7976","0.19"
"893 AFC","0.06"
"SYY 544","0.03"
"HHC 989","0.17"
"5VA1459","0.09"
"HPN 782","0.01"
"3XF 511","0.18"
"3-P7847","0.13"
"565-QLEV","0.06"
"6-95787B","0.07"
"NZH 103","0.10"
"84-85639","0.09"
"5-51586","0.08"
"APB3035","0.03"
"032RMR","0.05"
"XC 37692","0.10"
"186-103","0.11"
"3WG 675","0.03"
"63-9224E","0.15"
"8P U7422","0.03"
"71-NY70","0.04"
"HNU 151","0.13"
"9W269","0.08"
"0D 0567X","0.05"
"409GWE","0.06"
"ZNQ 326","0.12"
"3889 PN","0.10"
"4V Q4679","0.14"
"FXC-894","0.12"
"BSC0121","0.12"
"3Z L8269","0.03"
"8UH 564","0.10"
"RD 4239","0.06"
"162 7LU","0.17"
"GVY-8783","0.08"
"TTJ 609","0.10"
"70L OM7","0.07"
"SHK-051","0.17"
"4YZ B37","0.07"
"JVL 636","0.05"
"4M 9S1ISH","0.03"
"355 YD0","0.20"
"48A•469","0.20"
"YLQ 952","0.20"
"4-59247L","0.18"
"Z47-00G","0.15"
"7A 1745K","0.19"
"387 ZIX","0.07"
"EHX 999","0.08"
"5E 4964S","0.10"
"LFB 075","0.06"
"K28 7PW","0.20"
"266 9OG","0.08"
"779491","0.12"
"7PH7610","0.01"
"SNZ 736","0.05"
"471IBE","0.19"
"8EK 404","0.19"
"652 SY8","0.08"
"RWI6035","0.19"
"6-78113","0.12"
"EUJ-5878","0.19"
"036-IVH","0.13"
"11PY3","0.04"
"LDL 023","0.13"
"TGP-251","0.16"
"005-392","0.05"
"3-5525O","0.16"
"5-6702P","0.15"
"55O C08","0.13"
"2Y 06804","0.01"
"05F U26","0.02"
"3A 9761X","0.06"
"29-19762","0.05"
"153 0176","0.13"
"96Q DG5","0.15"
"886F3","0.19"
"2H 2743F","0.08"
"353HJH","0.13"
"358 TQK","0.15"
"2697","0.06"
"FP 98414","0.07"
"URT-9486","0.17"
"ZVD 363","0.18"
"49P E35","0.20"
"200932","0.05"
"0UCW727","0.03"
"U 360468","0.19"
"NED 182","0.04"
"7DPF138","0.20"
"PU 63470","0.06"
"379-PTK","0.04"
"623 DTB","0.12"
"FMF-068","0.11"
"MQH 091","0.08"
"THX 345","0.03"
"3KL 444","0.16"
"PTZ-634","0.04"
"98-N814","0.15"
"977-HRG","0.18"
"9BT P62","0.03"
"407 7107","0.10"
"ZP 2726","0.14"
"OGB-1782","0.07"
"26AS543","0.07"
"1T 24831","0.02"
"MVN 236","0.16"
"38J 016","0.11"
"KRV 964","0.05"
"8BM O08","0.18"
"FYM-3242","0.03"
"854 UVV","0.05"
"LHV 957","0.02"
"KGP 469","0.10"
"SOD-8426","0.04"
"082-GWQ","0.16"
"0UN3625","0.04"
"91F S42","0.10"
"744 RU2","0.14"
"1HX07","0.17"
"U 290238","0.20"
"2LW 690","0.07"
"09K R81","0.14"
"22-P569","0.11"
"313K7","0.04"
"4OT 836","0.01"
"546 GZT","0.10"
"302-DHB","0.03"
"963 YZE","0.10"
"13W A52","0.17"
"52Q 288","0.15"
"OSB 646","0.20"
"6VG 012","0.17"
"895 WBB","0.05"
"432 CBL","0.11"
"JPH 735","0.19"
"QZM4410","0.01"
"29-8779O","0.02"
"6H P6263","0.05"
"X23-67W","0.15"
"5B TK422","0.11"
"66OZ3","0.03"
"2Q XO250","0.04"
"KNP 561","0.01"
"O68 5GD","0.11"
"920YTZ","0.20"
"253-RUX","0.19"
"Y64-14U","0.16"
"4K 03852","0.16"
"56TP9","0.13"
"4-D8478","0.16"
"034 2HU","0.17"
"615 HSU","0.10"
"NDQ-449","0.02"
"10-37022","0.16"
"742 0VC","0.20"
"75G 933","0.13"
"UJG9195","0.03"
"2BM 015","0.03"
"1S A8678","0.18"
"573 MDY","0.05"
"066JKS","0.12"
"5D HH928","0.02"
"4M Y2571","0.07"
"YWV0276","0.04"
"U 994949","0.07"
"06OQ8","0.13"
"3O 2Z0DDJ","0.19"
"JOJ 836","0.18"
"OQY4353","0.19"
"22S 9644","0.07"
"107 FSC","0.16"
"HTG 863","0.02"
"935ZNB","0.15"
"468MYB","0.11"
"YOV-7530","0.13"
"4Y226","0.09"
"61X O72","0.01"
"VJD-8010","0.01"
"RUY-0523","0.07"
"G44 9ZV","0.20"
"3-Y4870","0.12"
"146Y","0.08"
"Y 886028","0.02"
"636 QOZ","0.17"
"X16-15G","0.09"
"FGS-376","0.03"
"9U UR509","0.01"
"72VC049","0.08"
"432 EL5","0.12"
"26-34564","0.05"
"KVU 152","0.08"
"MOW 833","0.17"
"4HG55","0.11"
"215 KQO","0.20"
"18FQ8","0.06"
"J07-47K","0.09"
"DZM8997","0.03"
"T31 3GS","0.09"
"09QR2","0.17"
"3WJ8001","0.07"
"42K B39","0.07"
"889B","0.18"
"P 215147","0.16"
"XL2 5855","0.02"
"80S D28","0.04"
"154 XDD","0.13"
"966106","0.04"
"21H 976","0.19"
"801 LPC","0.13"
"631 FJJ","0.10"
"M27 2GL","0.15"
"XAW 5416","0.09"
"WFM 741","0.11"
"31M V10","0.07"
"884 ECI","0.13"
"548 THS","0.16"
"72-43556","0.15"
"A33 3KP","0.15"
"MUN L97","0.09"
"NMD-750","0.18"
"0-72279O","0.20"
"8YU B94","0.06"
"317 SJS","0.11"
"PAP-1407","0.14"
"JB-5375","0.10"
"01B 573","0.03"
"IHP 007","0.10"
"DLM 881","0.05"
"5RZ O91","0.19"
"048611","0.16"
"NCZ-2427","0.18"
"I57 0KQ","0.01"
"CAV-2915","0.04"
"38A 6124","0.13"
"G 414744","0.02"
"11K•153","0.12"
"3U 4D1YAY","0.18"
"YOU-2142","0.11"
"P93-BJN","0.05"
"633 VVY","0.08"
"51-I449","0.07"
"SZN 6804","0.18"
"068XIA","0.04"
"911-SFM","0.18"
"473ZHV","0.20"
"EPD 056","0.09"
"UI 92702","0.07"
"7RT 014","0.09"
"7D 5P2FIM","0.18"
"037 1084","0.19"
"998-AZE","0.20"
"75-HF63","0.16"
"570 FTH","0.19"
"MID 700","0.02"
"084-MER","0.10"
"6HG 470","0.17"
"906GBP","0.01"
"7342 EF","0.03"
"ABI 431","0.19"
"907-EQE","0.09"
"774NQM","0.07"
"KJT-5113","0.03"
"58Y BL5","0.17"
"251-ZCT","0.06"
"1BVU095","0.07"
"829 CBP","0.18"
"83E MN4","0.17"
"76X KM4","0.03"
"94E K73","0.08"
"HCZ 347","0.12"
"44T N27","0.19"
"3E 58937","0.19"
"TCN-5823","0.19"
"RVY 420","0.02"
"55-KA79","0.07"
"HUO 739","0.15"
"2996 KU","0.13"
"2ZP G64","0.02"
"0T FI657","0.08"
"308 JTD","0.17"
"GSZ9183","0.08"
"P46 7VL","0.14"
"MPZ 575","0.20"
"QKO-829","0.20"
"LDU9330","0.03"
"402TJ","0.18"
"FOO M28","0.12"
"2KLQ599","0.14"
"883-PKU","0.05"
"XPO0594","0.15"
"NZQ4421","0.09"
"00-DP96","0.13"
"3V954","0.05"
"453-CXR","0.06"
"132 SG4","0.07"
"FY2 Z3A","0.19"
"1-27340","0.17"
"LKL 140","0.17"
"JF 9441","0.14"
"HQB 732","0.08"
"0GH3407","0.07"
"58V 7673","0.17"
"KWL 234","0.16"
"28QM515","0.09"
"40-07240","0.19"
"G06 7XX","0.14"
"095 1051","0.06"
"576 3RX","0.03"
"379 SJR","0.11"
"87MB5","0.05"
"981 ZVX","0.01"
"0GS 400","0.16"
"56-L536","0.15"
"ENN-792","0.12"
"13HE845","0.06"
"FPU-4643","0.13"
"NBT-6137","0.10"
"8RWL 47","0.09"
"8-98424T","0.05"
"OTG-508","0.13"
"0T 4133F","0.19"
"048PZO","0.06"
"CMC7770","0.06"
"3ZIZ203","0.11"
"107 HQE","0.16"
"630792","0.20"
"60L S54","0.19"
"797-DWO","0.11"
"ZKL 408","0.11"
"1NH Y96","0.12"
"954-819","0.12"
"XVC-5702","0.07"
"034-CCM","0.05"
"4250","0.08"
"WWX 721","0.19"
"6116 MW","0.06"
"563-WIBW","0.08"
"QBU 775","0.17"
"43D•002","0.10"
"61-1643H","0.20"
"ZJC 780","0.10"
"52K 253","0.07"
"9869","0.11"
"JDN-513","0.12"
"KTV 111","0.04"
"575 NJW","0.16"
"WPH 482","0.19"
"720 6OW","0.17"
"1-B0837","0.15"
"FOF-146","0.09"
"D86 4PG","0.15"
"27RL379","0.16"
"5L GO472","0.06"
"82H NM4","0.01"
"285CPN","0.19"
"829 HLI","0.19"
"378-TWF","0.16"
"780 GPE","0.19"
"EQ2 B4L","0.05"
"6U H2761","0.12"
"115VUV","0.17"
"1JV 289","0.02"
"3-20108Y","0.10"
"2776 KX","0.12"
"16-09611","0.02"
"XF 9635","0.12"
"U 043789","0.07"
"090-RLA","0.13"
"6R D3010","0.14"
"1034","0.11"
"43D Q58","0.03"
"9HK90","0.12"
"T62 9II","0.13"
"8C616","0.19"
"47-7414Q","0.19"
"HAN 040","0.19"
"PK-5192","0.19"
"332223","0.14"
"LEK 531","0.05"
"ELR 808","0.07"
"H 522744","0.11"
"7223 NP","0.20"
"GKZ1558","0.12"
"7UP6930","0.13"
"IMD 885","0.06"
"NAJ 397","0.19"
"1H147","0.16"
"166NQ","0.15"
"7CM 252","0.19"
"24H 318","0.17"
"9G J9262","0.02"
"CGV-6129","0.03"
"92-HZ26","0.02"
"KYI H00","0.12"
"97-GX79","0.19"
"D49 4ZN","0.19"
"6-E4776","0.06"
"SX2 7251","0.13"
"098 FGD","0.11"
"236 TWF","0.20"
"KWH 291","0.20"
"635 QTQ","0.19"
"038 APT","0.06"
"NN 17736","0.03"
"43V 3510","0.01"
"KIA 6405","0.19"
"ZZN-0081","0.08"
"FXF 681","0.06"
"06LL4","0.14"
"KUE 575","0.12"
"YWG-553","0.19"
"VWI9850","0.15"
"HGO-538","0.19"
"125 XZC","0.06"
"3S833","0.08"
"LDO5255","0.01"
"697IY","0.17"
"C10 6VP","0.02"
"DAH 943","0.09"
"2-6595O","0.07"
"0IEL603","0.06"
"7YC1328","0.06"
"7FJB699","0.05"
"MYO 908","0.04"
"6BY D30","0.02"
"Z48-LNU","0.07"
"LPL 167","0.02"
"G35-93F","0.10"
"ST0 2464","0.16"
"82-XY76","0.15"
"1XYO999","0.04"
"B85-47U","0.20"
"90N•275","0.03"
"8950 HR","0.10"
"489 3AS","0.04"
"52-DJ44","0.09"
"68-0428H","0.10"
"544-CDF","0.20"
"655 MMG","0.14"
"1903 ZC","0.18"
"2105 NT","0.02"
"351J6","0.07"
"1516 BK","0.10"
"777S","0.13"
"1OK 479","0.06"
"0537 BF","0.01"
"MUQ 115","0.17"
"PWN-4162","0.20"
"ZYB1239","0.04"
"195 VZW","0.12"
"PTQ-239","0.04"
"8Z 19360","0.02"
"SPV 0537","0.05"
"120-OXS","0.14"
"XPX-8211","0.20"
"019-LLG","0.12"
"JL-4000","0.18"
"V07 2VG","0.15"
"LMK 914","0.16"
"014 WOG","0.09"
"886 4HR","0.14"
"5-1693J","0.13"
"YLY 870","0.03"
"460 2ZF","0.08"
"B99-ZGK","0.03"
"LNG 754","0.03"
"343-JOV","0.17"
"K 172348","0.10"
"3FH6735","0.04"
"97-0934F","0.01"
"UYL-252","0.07"
"699-021","0.18"
"6MB4157","0.20"
"YKC 837","0.11"
"827 SYE","0.12"
"LGX 612","0.05"
"3-64095S","0.01"
"765-SPM","0.19"
"765 KT1","0.08"
"359 5IY","0.02"
"6NK A88","0.08"
"VIV 166","0.15"
"282AV","0.16"
"865-ZFPR","0.12"
"9NA 058","0.07"
"496 8WH","0.16"
"SKL0261","0.07"
"OMB-481","0.20"
"1-E1191","0.13"
"7I 5D3IIB","0.02"
"372 RNQ","0.05"
"76-LS60","0.16"
"431-ZJT","0.11"
"BMI 958","0.10"
"H72 0LM","0.07"
"LAJ 896","0.04"
"969 9QE","0.12"
"753-029","0.04"
"ABJ 020","0.09"
"3-1367U","0.05"
"JDD0311","0.14"
"EIA 301","0.11"
"90Y N58","0.18"
"8A 62531","0.20"
"214-WBB","0.17"
"WZF-429","0.06"
"4TO R06","0.11"
"644-TNM","0.20"
"2416","0.13"
"869-519","0.19"
"01KX7","0.20"
"QRF 4457","0.09"
"L92 4FF","0.04"
"I83-MWH","0.05"
"3-K4700","0.19"
"97G Z51","0.04"
"7EZG 18","0.06"
"012-QAB","0.13"
"665-JCK","0.12"
"925T1","0.11"
"169 ZMQ","0.08"
"KIA 524","0.02"
"1PF 356","0.02"
"24H•543","0.01"
"041 VZC","0.10"
"89WH736","0.08"
"XHC-388","0.03"
"5U 35411","0.07"
"359 QPS","0.18"
"1-55541","0.13"
"02-X401","0.11"
"VHT8711","0.15"
"2-37557","0.14"
"445-719","0.09"
"WZ-8123","0.02"
"3M570","0.10"
"P 398440","0.14"
"OZZ-8079","0.07"
"81K M32","0.12"
"42XZ936","0.12"
"OOW3494","0.10"
"L73-61F","0.13"
"77-L475","0.07"
"80XF7","0.09"
"992DYS","0.20"
"43-36179","0.07"
"533-OZE","0.04"
"T76-IZV","0.03"
"FKF5770","0.08"
"614 6368","0.05"
"094 UEV","0.07"
"0UR72","0.11"
"03-IB08","0.11"
"8-D7837","0.09"
"997 UMS","0.08"
"818 0122","0.02"
"OXQ 753","0.08"
"2CN69","0.03"
"25PQ568","0.11"
"UV-6367","0.17"
"HTK-3055","0.02"
"11-VN52","0.02"
"AJN 555","0.18"
"ULP 5599","0.18"
"8N 2396A","0.12"
"1MVW 67","0.05"
"717M8","0.02"
"86W O36","0.05"
"5YW2784","0.11"
"48-1893J","0.18"
"24-T246","0.16"
"1KT18","0.06"
"40-91479","0.19"
"IQC 322","0.17"
"5L 85012","0.09"
"7O Q0469","0.12"
"950-HXM","0.07"
"AM 47370","0.06"
"ENS-045","0.03"
"IDI9268","0.09"
"NQC 330","0.14"
"ST-7019","0.11"
"AXJ 473","0.04"
"796 OJE","0.05"
"SQ0 4512","0.04"
"SBW-5468","0.12"
"MZB 774","0.06"
"6-C4398","0.07"
"VWB Y11","0.01"
"QKF 275","0.13"
"OI 81068","0.13"
"438F","0.01"
"20-03912","0.13"
"026 LZV","0.10"
"02-93119","0.03"
"761-VRH","0.15"
"0-71170","0.20"
"949-RLF","0.03"
"8O 30867","0.04"
"0E 97362","0.14"
"530-LBW","0.15"
"2221 MM","0.12"
"C08 8YY","0.17"
"28-8142L","0.03"
"46-J616","0.01"
"INY 925","0.10"
"9-06851","0.12"
"1789 XE","0.14"
"72-6377B","0.12"
"6BI 199","0.20"
"D92 0CO","0.08"
"USD9519","0.14"
"236-IFT","0.13"
"TZZ-9044","0.18"
"SVP 307","0.17"
"0DH 393","0.18"
"55Z 447","0.09"
"61L Y75","0.02"
"7QM 381","0.02"
"4DO H61","0.07"
"X42 1XQ","0.18"
"6XOR 91","0.10"
"021-AXN","0.18"
"173662","0.20"
"6AQ 736","0.13"
"M70-07U","0.03"
"WYV 972","0.07"
"77-01307","0.13"
"ALA-874","0.14"
"SPH 619","0.02"
"3Y OA231","0.07"
"96A 243","0.04"
"BG4 6387","0.09"
"23I FD0","0.12"
"FV1 1595","0.18"
"48BR1","0.04"
"6R 16287","0.14"
"DOJ-2323","0.19"
"ZJU 139","0.16"
"1XG4175","0.18"
"4NL 535","0.09"
"QF1 S8N","0.03"
"9DA B56","0.11"
"9CV I41","0.15"
"1BB F78","0.20"
"540 IDG","0.03"
"66-1441E","0.12"
"7J U3224","0.11"
"9FF3528","0.20"
"4-5680C","0.09"
"74-W606","0.05"
"N84-PQE","0.19"
"YRX 399","0.15"
"WO4 5591","0.05"
"9PO69","0.18"
"2BXO464","0.02"
"0VB 906","0.16"
"ZIQ 149","0.19"
"5329 EN","0.15"
"831 IUZ","0.02"
"JA9 Z4W","0.01"
"493 TXF","0.11"
"JIT-140","0.13"
"19-18469","0.16"
"OGQ 684","0.03"
"966 DLK","0.14"
"147MBS","0.10"
"IVH2070","0.15"
"FZA-166","0.02"
"0GC K74","0.06"
"GPE-0743","0.05"
"409-RHK","0.10"
"CCX 330","0.18"
"481TI","0.07"
"9-63822","0.20"
"TPG-3067","0.14"
"2B 4J1LTS","0.04"
"OLJ 475","0.02"
"460 PLB","0.08"
"5KN8106","0.12"
"P02-IEU","0.12"
"A72 9GB","0.19"
"1Y 4785V","0.19"
"4U 64183","0.06"
"CO-2285","0.19"
"EXT3493","0.13"
"TDU 562","0.11"
"PDU-5383","0.07"
"4SHK397","0.10"
"039LUM","0.02"
"004-354","0.20"
"E 932934","0.02"
"PZK7225","0.01"
"ZX-0410","0.15"
"6JE D91","0.10"
"1707","0.04"
"AF-3334","0.14"
"8757 OY","0.14"
"13AZ2","0.10"
"C22 5EV","0.14"
"29M 061","0.16"
"H00 1TT","0.18"
"422-ZMBC","0.11"
"809 HJG","0.14"
"N48 7KJ","0.13"
"53-70218","0.07"
"BZT-8917","0.18"
"455EI","0.17"
"005-ULK","0.13"
"QSI-0728","0.18"
"315D","0.02"
"70-10335","0.03"
"9B 24642","0.01"
"U 300014","0.17"
"YWX 414","0.15"
"294-ULC","0.14"
"77K•397","0.20"
"3O U9171","0.04"
"466Z","0.16"
"05K 6364","0.13"
"I21-VAI","0.03"
"0JP 603","0.20"
"5979 UK","0.18"
"LAW 499","0.16"
"6-66812O","0.19"
"CUF 765","0.08"
"134 1FU","0.14"
"OF9 E8Z","0.13"
"9HV5796","0.18"
"6TY M35","0.16"
"IUM 957","0.19"
"602 YDV","0.10"
"266 XWQ","0.15"
"572M1","0.06"
"092 4008","0.14"
"XOZ-6742","0.09"
"QD1 6263","0.04"
"UBG 705","0.18"
"4877 HD","0.06"
"1W 1E3KIE","0.01"
"HTS-340","0.13"
"06O 3236","0.05"
"RSH 713","0.13"
"T00-10H","0.10"
"1OQ4788","0.18"
"TSU-5743","0.05"
"2E 88599","0.18"
"ZCN 992","0.10"
"AG0 H3A","0.18"
"DPN 275","0.12"
"DSO T47","0.20"
"548 HHR","0.19"
"641 NGB","0.18"
"ZLT 211","0.01"
"98U•282","0.06"
"PKC-692","0.15"
"884T","0.02"
"000AKU","0.02"
"688079","0.18"
"1ML 790","0.06"
"7M832","0.07"
"8-T1406","0.02"
"90-08363","0.03"
"UO7 8435","0.15"
"OXA K08","0.20"
"6KN S89","0.06"
"U38 5AY","0.16"
"62-AP49","0.18"
"595 EFK","0.05"
"871G6","0.03"
"61-31467","0.06"
"6M587","0.20"
"XPD-3695","0.10"
"380-HUO","0.03"
"99-NI81","0.16"
"2LV 581","0.11"
"20-WX94","0.14"
"GFQ-2867","0.14"
"25-2237T","0.01"
"0X 7451N","0.12"
"921 1439","0.06"
"TOB5320","0.14"
"156 2042","0.19"
"KVI 086","0.04"
"5LE 632","0.01"
"S40-16I","0.06"
"MBU 930","0.11"
"8D 2634Q","0.05"
"KGY 444","0.10"
"RYV-356","0.07"
"10M•704","0.14"
"136-QMN","0.10"
"809935","0.08"
"557-SOL","0.11"
"685 YQ6","0.04"
"1O465","0.07"
"BZS 595","0.13"
"D46-CIM","0.11"
"EVH-450","0.10"
"95T Q63","0.11"
"PIX9902","0.16"
"9-J1962","0.05"
"ANU-5516","0.14"
"KBJ 4569","0.04"
"ZYP 147","0.03"
"1-7947Z","0.06"
"9-08318C","0.20"
"7Y WT671","0.20"
"LKJ 069","0.20"
"I36 1ZN","0.17"
"4BN78","0.03"
"972EI","0.02"
"HYP 422","0.17"
"OHR 553","0.17"
"SVC 893","0.13"
"KFE 675","0.07"
"52N 9887","0.16"
"DOA-3433","0.02"
"76OU5","0.04"
"LFI 004","0.14"
"8CY1257","0.10"
"3BT7633","0.16"
"0-84493U","0.17"
"801MFH","0.04"
"BUD V93","0.18"
"215 NLU","0.01"
"0F O5626","0.03"
"MJH 299","0.16"
"9-72187N","0.04"
"364 2VT","0.17"
"502-KIZ","0.18"
"VCK 021","0.06"
"BID 680","0.16"
"YLV 374","0.10"
"3WA 104","0.13"
"SWJ 661","0.16"
"681074","0.18"
"OKB-156","0.01"
"B77-WKD","0.03"
"SY8 5894","0.09"
"KQH 862","0.17"
"ZRC-5090","0.08"
"4XD G31","0.13"
"257 AMJ","0.05"
"129 3BB","0.08"
"431 ODL","0.01"
"58X R62","0.12"
"824 NFL","0.10"
"057 ADN","0.16"
"523 2FQ","0.10"
"18J LK9","0.20"
"7EU 431","0.04"
"ZVS 401","0.06"
"109607","0.05"
"943 BI2","0.19"
"741 BTK","0.18"
"214 BMW","0.15"
"N22-60W","0.15"
"0L 42816","0.05"
"BFU-6320","0.17"
"461-IDZ","0.03"
"99JT4","0.10"
"8H 0N0CLA","0.03"
"GPC-501","0.15"
"69H E11","0.01"
"A94 9ZX","0.15"
"5-M9144","0.07"
"ORX 920","0.04"
"HNG 119","0.09"
"KAQ1205","0.02"
"49MW076","0.17"
"K25-ZAC","0.11"
"MEB 992","0.05"
"950-RCX","0.20"
"36-LX51","0.07"
"7NU6930","0.07"
"0MS4372","0.07"
"3XM9149","0.01"
"AO3 G6U","0.14"
"06-2061F","0.17"
"543 GXV","0.13"
"0IC 560","0.19"
"598 YFB","0.06"
"091 4082","0.13"
"VVA 699","0.15"
"5Y 91904","0.02"
"SC0 P6K","0.06"
"7DW 283","0.06"
"899 6HX","0.07"
"557OL","0.12"
"573-KMJ","0.14"
"LB-7259","0.07"
"L17-45P","0.04"
"OT3 Q4A","0.07"
"550D","0.07"
"5-7497A","0.11"
"B 865415","0.13"
"2ER6986","0.02"
"TAE-0812","0.03"
"MTI L38","0.12"
"852-178","0.11"
"EMC-301","0.20"
"OT-7520","0.04"
"61-PR34","0.14"
"2N K3797","0.10"
"9-6764H","0.12"
"SNG4681","0.10"
"MW5 7874","0.02"
"0M 1G4ANE","0.20"
"4XW8048","0.03"
"200 KAT","0.01"
"LVR 138","0.11"
"874-LXC","0.20"
"IH-6385","0.03"
"4PN02","0.13"
"08-48518","0.09"
"1OM F77","0.12"
"930 ATG","0.15"
"021P","0.15"
"JY9 9316","0.13"
"33-FX02","0.15"
"GYW L02","0.12"
"61DB6","0.06"
"TG7 M1G","0.10"
"7K 19605","0.11"
"115-729","0.12"
"7-J4002","0.05"
"AOX-517","0.17"
"3-A2819","0.12"
"7553","0.14"
"2OG 647","0.19"
"BQW 240","0.20"
"GN 6954","0.07"
"VKE 143","0.04"
"693 QYY","0.20"
"6274 CR","0.10"
"02L OH5","0.16"
"4-54014","0.15"
"35U 8547","0.04"
"544-PIP","0.03"
"MUE 539","0.19"
"IJ3 3445","0.06"
"8-19549","0.20"
"VCD5051","0.11"
"182 VPI","0.13"
"073 4243","0.13"
"8AC 233","0.15"
"1L754","0.02"
"A14 8KU","0.17"
"6V T0394","0.05"
"XB 9075","0.18"
"114 IJD","0.04"
"4WQ2204","0.02"
"895-BUVT","0.18"
"MKV 540","0.06"
"126 1DB","0.04"
"957 IGH","0.08"
"W05-AXW","0.11"
"908 1PS","0.02"
"986 0EG","0.13"
"GET 386","0.20"
"LO7 E3H","0.19"
"761L6","0.06"
"OZV-9038","0.07"
"53I ON7","0.20"
"ZMO 491","0.14"
"AXS-942","0.19"
"JVD 347","0.10"
"9G 6143X","0.12"
"CCH 520","0.06"
"JJW-645","0.19"
"GIN-4877","0.08"
"90BH319","0.13"
"6RPY966","0.01"
"132V","0.07"
"E85-57P","0.15"
"5Z453","0.04"
"XYQ-376","0.12"
"095-QGRQ","0.17"
"CPR-3348","0.14"
"35-QD71","0.13"
"EKH 712","0.17"
"GSB 254","0.04"
"70Q K32","0.15"
"LJB 702","0.16"
"72BW2","0.02"
"JNP 084","0.19"
"26-XB31","0.18"
"9Z 6A1OLY","0.11"
"WMI-0636","0.08"
"XGA U24","0.07"
"VRL 170","0.08"
"699 JFU","0.08"
"PX 1810","0.08"
"1K 0224P","0.08"
"TNI-1393","0.06"
"ZUH 416","0.04"
"7V D4214","0.07"
"CMP 443","0.19"
"6A H6999","0.02"
"179 FXT","0.09"
"KXG 988","0.10"
"Y85 6FO","0.07"
"4-9374N","0.04"
"DZ1 2240","0.15"
"3906","0.13"
"929-VBM","0.08"
"443 ZWT","0.18"
"JBH-5496","0.20"
"SHV-2891","0.09"
"ZFM 367","0.19"
"LFZ 274","0.20"
"5-P6935","0.13"
"1EU 336","0.18"
"185495","0.17"
"OPK4485","0.16"
"85Z P44","0.09"
"416CY","0.13"
"320 POO","0.19"
"APY-3582","0.02"
"17-C008","0.18"
"780-JZI","0.14"
"667 VDM","0.11"
"CD4 9747","0.13"
"I74 3IT","0.07"
"CG 6054","0.05"
"566 5XC","0.13"
"7YDO902","0.08"
"22-67615","0.08"
"67QS083","0.13"
"6SRO 34","0.10"
"6R VW922","0.19"
"NR 4678","0.01"
"LFX-7808","0.14"
"V22 4XF","0.20"
"SU 6682","0.14"
"MOS 252","0.03"
"95L 7882","0.15"
"62K•198","0.12"
"SO 4956","0.16"
"90Y•253","0.10"
"049 AWU","0.17"
"HZD 480","0.01"
"44-L544","0.19"
"OUZ-2755","0.13"
"3E 38312","0.20"
"546 4HZ","0.20"
"625 EOE","0.04"
"57Y 6233","0.11"
"264-XRB","0.12"
"79K•203","0.19"
"193 ZVR","0.08"
"E30-41T","0.15"
"RYJ-3009","0.02"
"323 NSF","0.17"
"11-ZQ92","0.19"
"390 2YT","0.02"
"342 WTT","0.18"
"GD1 9430","0.17"
"9W 6Q0EHY","0.07"
"LDH 421","0.19"
"63JX6","0.05"
"4DXF566","0.03"
"9DGH 93","0.02"
"3-7646T","0.19"
"HFP-9466","0.08"
"8FK1658","0.16"
"153 RBI","0.05"
"8896 SB","0.04"
"358 1BD","0.02"
"BAE-5880","0.20"
"HUD 701","0.12"
"980 MV1","0.18"
"4M XH180","0.18"
"110-QZR","0.17"
"2YXR 81","0.09"
"LPN 545","0.19"
