"0","tamaramorrison@hotmail.com","pbkdf2:sha256:260000$FMILAIlWSTRymNq6$76c3b2c7b328528f9db46739e5499548a7092d274141696d9e79b43292e64ffe","Gary","Cross","56.11"
"1","stephenschristine@yahoo.com","pbkdf2:sha256:260000$EMTLl5xc1P9RsBXS$16cdf65232eddab7f47a49879679f198f5fb9557b48b46e57c6c8d770f84d0bb","Chelsea","Greer","28.09"
"2","jacqueline78@yahoo.com","pbkdf2:sha256:260000$OquPRTjn8SNHNwoW$01969746126ee05604e2544cca382cbbbc5e09e13717c5f35b997d009558d4d8","Jasmine","Perry","77.96"
"3","danny30@yahoo.com","pbkdf2:sha256:260000$7ncSKmI79gibui48$af682cc6489f782571b4111905a5efa0e056db7ab5c5331bde67dbddba3b0f02","Steven","Bowman","66.93"
"4","jward@gmail.com","pbkdf2:sha256:260000$pRnusJDITi6Qxd0W$0f1febbb9187da6c5b597cbf2c2ceecfa1bbac55a193e8d3ce188bb96d9f01e8","Daniel","Duarte","62.18"
"5","melissayates@hotmail.com","pbkdf2:sha256:260000$ZPduNCTl5CkYsGdu$3bcc68f3ef99fb9561aae7ae2fa9e0cbc0b296aa1c7c9953a7cdb97cd9a9fd28","Joan","Atkins","94.23"
"6","stanleyclarke@gmail.com","pbkdf2:sha256:260000$z35XishfB0o8NQ39$b090b1921d9aae1daea57a8b8475a5592d94f7ff1699c8707dd678fc8f8ac1b5","Ashley","Dunn","5.62"
"7","eric22@gmail.com","pbkdf2:sha256:260000$GKIfZdPATum3Z2z1$7ca27b4559db558112253d3aa895e9bc115f029524658896e7552a40d8f21b1f","Melissa","Cantu","65.31"
"8","bramirez@gmail.com","pbkdf2:sha256:260000$zPTaxcA4Rz4s8TXp$13a9691103a7ec95c0f5675de46e6c8500a20cb17f564e32bdb7870d6051fc67","Christina","Smith","85.05"
"9","kellypeter@gmail.com","pbkdf2:sha256:260000$fVUmOIxdDJVGAyjJ$3c433bfe72e21a1bc17d58aaf2c7e17dcd5afbc17d9a66c0aeab03083d522f28","Melissa","James","67.08"
"10","fcarpenter@yahoo.com","pbkdf2:sha256:260000$Ozj7YuPZzdBpu8WH$05e9a4cda469242500b7611e105e2a53afa91d19e22acc2914bd493f6c0bd8dd","Amanda","Schultz","60.27"
"11","allenmargaret@gmail.com","pbkdf2:sha256:260000$DM6DgiH835UjCqtt$c68e4676f28164de8b737cf42a224f46c16b0ee27c399bf46366351bb99001a5","Danielle","Daniel","27.56"
"12","jeffrey31@hotmail.com","pbkdf2:sha256:260000$F9blfMl8hD5ym0WA$bc1f4fc04818a835b4e3f5c408a956319625fa200ee0b1d7b6cae95ff612d4d2","Alan","Mendez","86.41"
"13","cooperelizabeth@gmail.com","pbkdf2:sha256:260000$nl9FY6mU2kLjCMyB$ba7243c28f7f3808b037e366869a2d84da1cd7965cd530477c83f10ef9fd26df","Matthew","Perez","57.55"
"14","bryantjennifer@yahoo.com","pbkdf2:sha256:260000$HpKOtDV8FYjKth1X$964db2cb2f91825778b2f81498612a42fbdde47525aa0d02cedf252aeb82a4a4","Oscar","Bennett","63.06"
"15","rfischer@yahoo.com","pbkdf2:sha256:260000$hugkFLEggsuw93MY$09cffb64ac443541e962ad66377c32a72eb6e3b62dd3406a70a84ac056eba5b1","Brenda","Williams","1.54"
"16","mark06@yahoo.com","pbkdf2:sha256:260000$cl9jFDVgKF4sio9J$f303147d3bae7a0f69f46b1e843b43731902eaeb03892a952a922247cfdaef46","David","Macias","17.05"
"17","gutierrezbryan@yahoo.com","pbkdf2:sha256:260000$Fd8kzcejK0y1DKkO$2784ad8333f2e72073a4e8d3a0ef4f47b5b77e0324347a6931d27e9beedb1edf","Kelly","Mckinney","49.06"
"18","kford@gmail.com","pbkdf2:sha256:260000$0BnfKNBaOs5rZrBn$3b9451341f8d68bcb3a3e4472d1c3ce8403611a968879b0d0907d8e0e2f715db","Gail","Blackburn","72.98"
"19","eknapp@yahoo.com","pbkdf2:sha256:260000$SB1kIc2r1Ic7s4HZ$e6e40353a4fedaca279353b5e8a54b1f2d78a9651cd41d28540b6aaf63a41b30","Joseph","Jones","67.47"
"20","jennifer51@yahoo.com","pbkdf2:sha256:260000$XExmK76lMpBvyGpv$ef626bd4409047b4a7994bbd1453ecc4528139f7467bff6cfd331f1e955f07cb","Daniel","Anderson","33.20"
"21","ycunningham@gmail.com","pbkdf2:sha256:260000$gpZwxOUOPDh2zlE7$3980cb0288ff930e33c4609357cdc5fac4badccc360197ec22a75c181b6385b2","Kristina","Wilcox","75.51"
"22","mariahwilson@yahoo.com","pbkdf2:sha256:260000$Q7kwgho8cF6kHiZ3$b130aecab0408b0a80089da7dd17a068d0251ce40b9c73b89d692c896f5117e4","Dana","Jimenez","60.29"
"23","mdavidson@hotmail.com","pbkdf2:sha256:260000$EGuoBgXCqUlxPDGh$2b7b18f95d9d27f3da075274dc38335befc501be7ff5af57237e9a58d97e15b8","Lisa","Gaines","32.13"
"24","lopezsarah@hotmail.com","pbkdf2:sha256:260000$5Njx86TLTcMUpvzS$5e7711822d13db41babde4050c18f5d796e6579d2c70825ac7ab8022ca4c2d5d","Karen","Perez","15.07"
"25","meghan71@gmail.com","pbkdf2:sha256:260000$f9gkszUqiqKFAbnV$8934e85c4e0c47c87f3e8168b81d7944bbf3657a4a316471bca5cc61ba2b6f0b","Ashley","Sheppard","96.14"
"26","ygraham@hotmail.com","pbkdf2:sha256:260000$xKGgnP5e6e6WclZW$7da3fd11dce5ee63a475242de903042bd0f6c936a1e74bbef2d4a9d94be2a9aa","Pamela","Allen","14.55"
"27","milleralexis@gmail.com","pbkdf2:sha256:260000$SW22KwG40LUDMxo4$de660c73b9c8c071a8574c31a7e667f3a4540a7b11937f1759a33b70a33a1f39","Russell","Robinson","91.35"
"28","amy23@hotmail.com","pbkdf2:sha256:260000$NWip0BGsn94h02P5$0a430d4a713fb31c7bfc02887d4efee245a970b0bfac29929f08aa1592108185","Toni","Smith","90.20"
"29","alexander25@hotmail.com","pbkdf2:sha256:260000$vhVZE5XOMslDCRI9$36e6255de0a590a7e9e4cb24ef78caa265b545756dd9a4f109f6ed3db26a85d2","Donald","Gutierrez","46.38"
"30","tatealexis@hotmail.com","pbkdf2:sha256:260000$Cjg3iD2weHe4G5Sl$ad5f7c79a4fb2dd5289e42626c12d3589d804fbff1d85449f8105ac98f654644","Veronica","Harding","45.94"
"31","vschneider@gmail.com","pbkdf2:sha256:260000$YhDKokBScn9IkuiE$3cfd166c5d04cd9ccd644c7e0ae8861e002553500f909d710982ac297aef1cee","Brian","Kelly","26.52"
"32","harnold@gmail.com","pbkdf2:sha256:260000$F9APHaYP3mOLC4RQ$366990cf227f342445c7c92f82dd6b03a31b695a343ef28ddc5e8c64375b28e7","Ashley","Cook","18.82"
"33","blewis@hotmail.com","pbkdf2:sha256:260000$soE9srDNe9zg3tAc$a8235e26262c28343df5b9681fc2dc6873defbb2ae90f11b78a1e64671eab303","Ashley","Williams","79.76"
"34","hbrown@gmail.com","pbkdf2:sha256:260000$CrX76xBBl6hwDDHT$d9c4b9713e18bbfe6dff957d9b019bd3ecc8514fcec9f321779f030267ff6d1e","Ann","Crawford","20.97"
"35","barnesdustin@hotmail.com","pbkdf2:sha256:260000$sAK7wSJtaBnMygnZ$bea1a01b44619fb9bbfd6886bd21b4f04a6e4ad8382587b8ffbdaab0a8406e50","Chad","Bridges","64.40"
"36","palmercassandra@hotmail.com","pbkdf2:sha256:260000$JmlFOGXQw6uhq8SS$b5f611a7d79933029f894730ce10a3679b06d3f466fe61a78a31cf9773d32429","Dalton","Fritz","66.81"
"37","alisongreer@yahoo.com","pbkdf2:sha256:260000$jfxOOGEk9oRoAgab$7157e72d29ed89d58b458f4f4582279cf06cc5973d25a9acfb90bb0ea6dc55f9","Madeline","Stevenson","19.74"
"38","jasondavis@hotmail.com","pbkdf2:sha256:260000$E3v0kTq5W4zNQEmA$c50cd737a28589d5e47cd21217c3d85e58a15546e2f7c1ab8da448de79964938","Valerie","Charles","31.66"
"39","markchan@gmail.com","pbkdf2:sha256:260000$awY6Fs7nyoKRE9L2$22c42a7084d01296798ea3de94aff205cc0bbd57554a12f99a651a544b983b61","James","Scott","15.31"
"40","hsmith@gmail.com","pbkdf2:sha256:260000$fDy9eCaep5DzYNMe$d0515e7912bc2af2cea75f19d891743971cb3ea9c8b5d0eb245fd4f989223866","Christine","Gardner","10.80"
"41","caleb01@yahoo.com","pbkdf2:sha256:260000$tNSv2726y97nQznj$4129f20e47d3e3d00ee06ee7b7c31fe2562168f66d0053b738b641b2b7a13b49","Keith","Jones","82.52"
"42","wjones@hotmail.com","pbkdf2:sha256:260000$QEOpAkMpvtPvHdOl$92da8222872cfa315d4dfb35f0d681c1a261f07eab6c39dc64b215b914f2745b","James","Collins","37.28"
"43","crossangela@gmail.com","pbkdf2:sha256:260000$06mcIih95xBmGRhb$c67edfe8e046f123874d3220974a3db0d74db73549fcfafdccd90773ac7defab","Taylor","Reynolds","48.47"
"44","smitchell@hotmail.com","pbkdf2:sha256:260000$q4d1JMeGFzKrJpYD$ef9bc19188c3def756170aec2a58faa45cd04342c9e4b2a0d55aa697eaa32ed2","Gary","Long","33.00"
"45","sanfordrobert@gmail.com","pbkdf2:sha256:260000$FKo6NrRUOzVB5Luo$d6c3e20c0874ac50070f77fd0b7c6f1e2a6d202187dcc5f6677f21953126e998","Mrs.","DDS","35.91"
"46","freynolds@yahoo.com","pbkdf2:sha256:260000$NxO6w21FZSqTLqoJ$4d3a71b567d9daf10ac8d996fdc77c1559f7582086076ea9d11e22e53a5770cf","Julie","Taylor","54.26"
"47","christopher91@gmail.com","pbkdf2:sha256:260000$7raOgghx90Yrk0TQ$39bcbcaca5132be7e1362ec063bd3b70d5a010bc93b83eb06f2aa155f72e68fa","Elizabeth","Lopez","38.51"
"48","collinsgordon@gmail.com","pbkdf2:sha256:260000$i9RB8FZe1nTXtoz3$8bc7a9b6d6c344e16847d70107a448e804ebe2b3c803ed62b0bb52d1be5a6ab2","David","Kelley","67.67"
"49","richard56@yahoo.com","pbkdf2:sha256:260000$AXi2Skqkpy8QWvmD$e36086709b9021e67b0860c32a57367105c25212978fcd5732d682613689ec4b","Daniel","Cortez","1.27"
"50","fosterbryan@yahoo.com","pbkdf2:sha256:260000$DJi1RDW69oHXGCmE$e90c26340b17af49abd58f811c851a95b6e112eac56e79f39b3570ec9bcbf0f6","Laura","Morrison","31.42"
"51","anthonyvincent@yahoo.com","pbkdf2:sha256:260000$XU83Y3QCsancu8Ts$0a359bae31c8aa5e738c69f1822da4c8badfcb9a3fbac45c598b3178a5a1899c","Renee","Moore","45.75"
"52","sawyersamuel@yahoo.com","pbkdf2:sha256:260000$9Rxbn6BNhGGh5MEA$eba75112da6846a70f98577b9df71d79999b6e5b1b31e2b0659cedeaaa63301e","Alyssa","Farley","68.07"
"53","gstone@yahoo.com","pbkdf2:sha256:260000$5M0F35qMASaHrijF$f2be24ad3c13e4d7d5af6f151f3bc6f137a826dbcb6fdcd0b70b2e61e86dc990","Alexis","Williams","31.86"
"54","kevinflores@gmail.com","pbkdf2:sha256:260000$LowQHTpcoSslQwKt$077e38b92ba329b13cc7d56b0862345c96a8d57e5cb0b7451634c3bde8e1661d","Jasmine","Castro","81.67"
"55","gordon43@hotmail.com","pbkdf2:sha256:260000$7h9IPPH5CsYizSgO$ba4133d48275034e1a0a8e6a21d34e320ca89c36e3d48c113971fa1b7a97b7cc","Joseph","Williams","88.30"
"56","matthew91@gmail.com","pbkdf2:sha256:260000$NTN9OZWjfnpGSEKk$981914a76ee8790d47b9b2211e7469160334ba25c375a6479806e22ae375f5df","David","Waters","81.51"
"57","tricia79@hotmail.com","pbkdf2:sha256:260000$xwWa3bgwEr5cE2wk$477c8bf47b9838f06840382277dc3a3aa9d86ea1118899d9387838203ab01c7d","Jodi","Moore","99.06"
"58","kaitlyn18@hotmail.com","pbkdf2:sha256:260000$OPu63m4QmhNMatka$db054f803094fa9257ab8d266d2e92ee06555b58c1521e9b7fc382397847e3b7","William","Mccarty","63.94"
"59","luis49@hotmail.com","pbkdf2:sha256:260000$iyHG1vAbTnFtFtay$a9a62a9de370474bc7e2176bb3113bfcc83bc2d6a0b0829bd4eb9967fb976e28","Michael","Goodman","9.44"
"60","taylorterri@yahoo.com","pbkdf2:sha256:260000$kIyiAKw66Qnhu4mb$594b13ad5843968aeb7475492c0a57e07bd0c6fb0cfdb03c1b24d3e3070babb5","Wesley","Harris","21.02"
"61","ferrellkeith@hotmail.com","pbkdf2:sha256:260000$5zhnXanhCBrTxCzY$67e53f3a2fec73d5b3f5420012041df7a847de7eb7b89b6a0a5901d92643cb80","Brent","Hernandez","55.00"
"62","tylerdavid@gmail.com","pbkdf2:sha256:260000$ehHwepZxHG1VCn14$63a5e412cb0be649aa343ce8df7243787a73e18989a23d63ddd38dea4d77fbc0","Matthew","Cisneros","94.52"
"63","jenkinsmatthew@gmail.com","pbkdf2:sha256:260000$dyjDQGbfg3BfOipK$a7521626a193f5332bec858944366d8fe25cac12711bb7b7574082dc6f32aa5d","Jaime","Rogers","96.17"
"64","cindydavis@gmail.com","pbkdf2:sha256:260000$RbJoOq991zHzsjI8$4cb2e562a02ec24810baf7f165b4aaadfa48b74711a6dc244fcfac066d438550","Marc","Ponce","37.13"
"65","gclayton@gmail.com","pbkdf2:sha256:260000$sEotfBhaePI63l5T$1aced6ad57ec0e0adf678985158d3dca1984ac436d8a5b79dc53245aef3fdceb","Lisa","Chavez","15.19"
"66","myersjames@hotmail.com","pbkdf2:sha256:260000$6dQLrKXH7cocWqV1$f775952258a8f1b01437d046810a0fb94a7eadad682833bc557f418f109d9d4b","Brian","Ortiz","100.07"
"67","omorris@hotmail.com","pbkdf2:sha256:260000$wQHuLLdpLnlJ7Ck0$d8648f0ead0fcc4fe7137b47e0a243c47ea111090052327419722734df696e87","Martha","Smith","7.40"
"68","stonepatricia@gmail.com","pbkdf2:sha256:260000$YigZQjyFmfoBOMdd$d902820a6f9a2d3d2cc04e3ea9c287c0b6e6b6a25e4ed8de131cbb797aeda5d9","Nathaniel","Campbell","53.84"
"69","kayla85@hotmail.com","pbkdf2:sha256:260000$yZzHWYHiPse5Xkvj$9ce2910ca990358aebc6b037c7882d96683e90938b6aeb8e40e0fa7ac314b39f","Tammy","Peters","92.11"
"70","jmcmahon@gmail.com","pbkdf2:sha256:260000$v8kHL4WxYznhGBoD$f81b12d4ecc55740ed6e90b8a48a4ec85ca161e1f11605fcace67f207e2355fd","Jimmy","Walker","58.09"
"71","smithstephanie@yahoo.com","pbkdf2:sha256:260000$Xzm8CiPNLXvbwoOZ$3cacab67553c1d6987b8e36d479c197b1c5fa701c28d85057e294862953bcb30","John","White","20.27"
"72","josephwinters@hotmail.com","pbkdf2:sha256:260000$SVkMqSZPgrgNDGBN$21d80b6f7da93e0968f4430855e6d5573bd7a4e1c722d6085d6251db6fc43e10","Bryan","Sanford","93.87"
"73","laurajones@yahoo.com","pbkdf2:sha256:260000$aWWMAC7trIEojIaj$f1eb2dc213af5c6e3e56281526c0758b96b2b349305268c4700464fdf8047ac5","Tracy","Shannon","26.23"
"74","sknapp@gmail.com","pbkdf2:sha256:260000$o8j7wKGdmiw9VmAU$1b80cc05348f4f6e249bbbe30e690082e54c157f66072c7cdd890f260fd05dd0","Jessica","Reid","58.60"
"75","heatherfloyd@hotmail.com","pbkdf2:sha256:260000$xWXgMn8XUUEJAL4N$a4828f492a120e0679b433a90a5a88a587df690f4baaf290420cc7d4516e6e63","Joshua","Schultz","89.23"
"76","jacksonmorris@hotmail.com","pbkdf2:sha256:260000$BfavlSnzhmeDkSDn$c30c907c85798e3a2c2e4c0ce6a8a24d7482461cbadec814aeec73091509b76d","Edward","Ochoa","44.57"
"77","williamsmith@hotmail.com","pbkdf2:sha256:260000$FDvYoIgLcqjznPJa$ca803f0bb1d672ea0be1e3131da32d54ea14f9ee48ba46746b2ec0c07868a30f","Alexander","Vargas","77.78"
"78","mjohnson@hotmail.com","pbkdf2:sha256:260000$8klF3gA3A9tJgjrl$281e4ae3b0cd06dfe31ae21962ec033c6e918f7c76510d40936734fefeeaec00","Kevin","Cruz","52.02"
"79","hopkinsemily@hotmail.com","pbkdf2:sha256:260000$HTQ6Fx3QBsBDo2zc$ded7a907f980d2c7976eab21711f0a36fe464510dfb22d5abe8156370002f79c","Andrea","Allen","38.13"
"80","kathryn72@yahoo.com","pbkdf2:sha256:260000$2uvdP0M6m8yuTJEz$2447dd5b3a7e8ea770bb40098c1e7edc117a705b20528716e55fc38afc7b7d25","Amy","Rodriguez","25.30"
"81","shellyjennings@hotmail.com","pbkdf2:sha256:260000$NpwPVkNiUT1cI3JR$18426c582ec15c342891d12f1846ededa03e39c8479a18b49c250a748affee50","Denise","Gonzalez","39.32"
"82","shelly09@yahoo.com","pbkdf2:sha256:260000$9BaApNOVWwGSZOMh$9d4e2c6ae997654fe3ca7bd6b92466d03b1dcdb67a2088ae25f21c96631b1fec","Frank","Stewart","85.11"
"83","martin44@yahoo.com","pbkdf2:sha256:260000$y06LvVapwXXKSVJO$0f90a45141dbe88cc5020cbf5da7e38c8ea9c78f698c593bd6a0572542234da6","Chase","Walker","14.89"
"84","christopherwilson@hotmail.com","pbkdf2:sha256:260000$kwxEe1mii3DJUgWd$ba7f0602b759e3cbea386c713f4d1af6ff3373e1621d117376532e91bb583284","George","Butler","95.41"
"85","steven26@yahoo.com","pbkdf2:sha256:260000$pNYp8Vt7zXdTT9JL$84f1f1f01885fc943e5e30c53a5e223e690875e38f32ce15bd757909d54e6744","Shawn","Gregory","52.93"
"86","amyhuff@gmail.com","pbkdf2:sha256:260000$KaFRlYgU9u7VowZV$129daa557c7e286ac3b06f8fb077940160ceec35ca5474933ff110ce01b87b21","Glenda","Shelton","60.63"
"87","gilmorekevin@yahoo.com","pbkdf2:sha256:260000$hmeEPkxTUtFPWOdi$db4a944dbf2f8480f34e1174f5ef1d354b90080ac67a8f66f80b303f06c4c1bc","Holly","Beasley","76.93"
"88","elizabethyang@gmail.com","pbkdf2:sha256:260000$GeKXSvib75mvjCdk$82bcfb61de547d27074ea811e30c4dd9234b655db0d5b67694d8c338e400205b","Savannah","Miller","0.30"
"89","jeremy83@hotmail.com","pbkdf2:sha256:260000$QVFj54CCS1sWqUtw$0c26d7d093c7f914d86f82933d70d56fbb6fe05f88254b012b3a475e41cf2e0e","Spencer","Duncan","64.37"
"90","jonathan73@yahoo.com","pbkdf2:sha256:260000$fYDpIWFEFd7xqjxL$9d90c2e599b13b8e348c0e831fed11c9d114ce59f8862cc91e84958986220f4f","Brian","Lawson","77.71"
"91","ukirby@gmail.com","pbkdf2:sha256:260000$14C8mdyVuNSXfGCC$55d720994c020abb83bc8e7aff06c92ca77adb5e33e4717d7219dbb1c19b853f","Matthew","Miller","13.79"
"92","inelson@hotmail.com","pbkdf2:sha256:260000$avzTvWK6MYMfGwbx$8874dbbc0988d6de7cbcf1e7c0460b2bd79a08c9df6b42f47da8ff560e902b9a","Dennis","Mcdonald","37.66"
"93","schaefergregory@hotmail.com","pbkdf2:sha256:260000$EhjUlCDavTY0jxeC$9a89cdf4a35ce78bdc327db40297b6b996074f6692c1df0c8e98155b21920d75","Leslie","Mendoza","71.87"
"94","stewartadam@gmail.com","pbkdf2:sha256:260000$18nZmoIqIbdL6CEl$ea1e32f39026d88ef8926723761470634b80522857df836b6e6f9f18e8624b0d","Julie","Parker","88.40"
"95","kwalters@yahoo.com","pbkdf2:sha256:260000$i3ekkCOEvZv0qNMZ$36e3f24c428b23134f0200aec5f320244e9673759122cf09fcf7a67734719b77","Samantha","Jackson","73.67"
"96","warrenjeffrey@hotmail.com","pbkdf2:sha256:260000$32tleM0ctJaToThv$e1073fb89c0ea162342ffa662b5caed358edbb7a425384a94356f528ddc36a67","Katie","Hutchinson","49.47"
"97","morgantaylor@hotmail.com","pbkdf2:sha256:260000$td7LcVZrGNcn76Wb$4d9d6e52d344d142cfdfd1a42c7e855cd18bfbc6ac7c1e6dfc9f41cc1b9cf5f3","Samantha","Olson","45.58"
"98","powelladam@hotmail.com","pbkdf2:sha256:260000$thdFExzlVZ9W859K$5eaae2470d24e7eb670f2267d57f9d214c78918114ebf721d0c8897b72ca7026","Nicole","Long","23.31"
"99","jonhunt@yahoo.com","pbkdf2:sha256:260000$CBQqZqzX8TnQncVJ$c9da499f709dfb74cad58fb60f361b6aaad6a8bf09e7d22722fba8297ce80633","Eric","Reyes","66.95"
"100","ojohnson@yahoo.com","pbkdf2:sha256:260000$BuRTa1qOBu8RfkjX$70caac2344a68645b299d93dd204a60cabef3306c5e257868b7617d6170d19a6","Crystal","Williams","84.08"
"101","valerie19@hotmail.com","pbkdf2:sha256:260000$1M8W9dLdCv1lY3YQ$a25d46d57c9931f19ef0d5bd23924769370512443d9e9c56caca7c665f740c45","Richard","Morales","4.44"
"102","brandibray@yahoo.com","pbkdf2:sha256:260000$3EhCBLpFNaFdlqAw$8add52483b3cc3a6a1b0683aa964224b2baf0ee76b8a13bae6f773ceed19f05c","Mario","Spencer","12.76"
"103","amyperez@hotmail.com","pbkdf2:sha256:260000$LdoPzNNcYR5kjX55$eba6871407541e9a86d47549e60fb48612c5565b283319ef4d300a7b88afe81a","Andrew","Robbins","2.97"
"104","howardtracy@yahoo.com","pbkdf2:sha256:260000$7TWbUXuSzagHL7F9$c27bb31f846b80f95c17263696243a180300ddac4c19798020df18df7d6cf3b0","Sherri","Perkins","50.48"
"105","kathleenanderson@hotmail.com","pbkdf2:sha256:260000$1yudWGYCM7WNhBP0$0ea072a2cb24d4d07479986ca722832670ff58abf8621908485e56ce39aa6c8b","Mary","Cooper","98.40"
"106","laurie33@hotmail.com","pbkdf2:sha256:260000$RT8VTDIDhe9iqYKa$ae72458bb203b09ba9a5ff7401714240b9b798062866939baf5856de89bb5b7e","Emma","Murphy","95.66"
"107","smyers@yahoo.com","pbkdf2:sha256:260000$NvMszSZsdmiyg1sR$72229e57c251a9ac70f907934d1fcbd7946525f3815d7e8509e11a9f8974488f","Jennifer","Miller","43.45"
"108","toddgonzalez@gmail.com","pbkdf2:sha256:260000$rcgmnsWNiNcE9wFh$7af91795f50dfdaa65eb5aebf137d797e19ccc1021cad7631cd4d56aad2e25b8","Jeffrey","Robles","3.41"
"109","jcarter@hotmail.com","pbkdf2:sha256:260000$cA0jiDuyr06czJ4I$2cc25f277cfdce8bf9501937e1bbcb9dcd03689041e4c59a86d6bf28cc571f6f","William","Delacruz","28.70"
"110","theresa27@hotmail.com","pbkdf2:sha256:260000$pVLkmnriLiJdVOT1$c2b750a1ef056ff2ed88330b2b7b6ad3c604aed1aee56a0a0a25ee99d29cb0e9","Nathan","Perez","58.86"
"111","sstanley@hotmail.com","pbkdf2:sha256:260000$SD8rrHDqXIzWb9B1$9186ae39bfff48607ceb24b9a62ab4f7530b4b2dc53ef33c2840f833fc04c461","Daisy","Shelton","77.33"
"112","howardgregory@yahoo.com","pbkdf2:sha256:260000$n9uPZMoElw8fnqHl$7424ff9bd7fbf8777679322040323b3b8bb4e7354544c492608b53a18d96ed16","Holly","Jones","0.00"
"113","monicamartinez@gmail.com","pbkdf2:sha256:260000$xdeMMovZtrP7DgmU$fa7fc1d406e38d3520d59f157a20211c7904fe33911ae56a08a476a5311e659a","Courtney","Rangel","49.62"
"114","ryan03@hotmail.com","pbkdf2:sha256:260000$xHkXSRkV7sVO0gFd$b1a8e3ae81a9e98f77b9dc6b9704859a51187bd844d1e46573bce743c66de60f","Jessica","King","63.22"
"115","rodriguezandrew@gmail.com","pbkdf2:sha256:260000$q24a9nznzkpzC1ad$482a82e98a983cb4a598be53f8a0bec42d0b1b3898353d3c7d4b7b1052fecf97","Stacy","Lee","49.70"
"116","ian93@yahoo.com","pbkdf2:sha256:260000$rmFvHpPhi0cS5T9L$44272c337040f0a623622af68c9f7e0469aca78414b8e289ef49f1e675118d77","Rebecca","Morales","49.98"
"117","donald52@hotmail.com","pbkdf2:sha256:260000$jgElmpdRN4R4pArY$10cfdbebffc846f026c4a8632c91eb44daf5ad61db34fe70a94034e9abd06444","Gabrielle","Hensley","13.63"
"118","smithlacey@gmail.com","pbkdf2:sha256:260000$vQ4H2LCwPD32xKeh$07e419b70d31f6ae276ef92c6ddc6055e79617e62eb57e3b718489121e3fb0bc","Douglas","Simmons","63.30"
"119","kelsey34@yahoo.com","pbkdf2:sha256:260000$4UJmT26P6FFGruIl$2dd5fcd9ab5367099094b16a60feb4e0fec148e8395051107da70ee0af045738","Amanda","Martinez","66.32"
"120","adam92@gmail.com","pbkdf2:sha256:260000$ib5L1vJKWqlhUoZT$013ce7e6e9586b11c2815ec854cdd5df9c17a298fd8d462a6d5891452a5c14b7","Lance","Powell","21.25"
"121","caldwellraymond@yahoo.com","pbkdf2:sha256:260000$Id544BGiJWKLuIO4$fb938c16ebeb7ecf06e2fa9fb85da533c3b03a4385169f7b6b7ff3c6097b621e","April","Vega","12.49"
"122","ekane@yahoo.com","pbkdf2:sha256:260000$Iwqa8Kv5HIlLtty1$909237ff16ec4ef27f49432960ddc085896fdf0046b5d88b5f76f8054699bff0","Joseph","Jones","71.70"
"123","nicholas19@gmail.com","pbkdf2:sha256:260000$zGoFrImMVAss1KYk$bfeba29ea9d2f922756204efbc7930dd5ed7764f90fbc928f5fdc22e00022d66","Rachel","Hughes","60.08"
"124","wwilliams@hotmail.com","pbkdf2:sha256:260000$Pm8dPwLdIISZz4jM$4b6cd651c90262c198cd57fe471d54eda81b1287af2c358dca1546da5b291954","Brian","Wise","86.43"
"125","ayalarichard@hotmail.com","pbkdf2:sha256:260000$ogvxiViOrYWfGfga$129d8530798d4e7648e948503338aa02db1b934c8570e4384f1d0ae2afb0d30d","Jennifer","Durham","93.94"
"126","sherri51@yahoo.com","pbkdf2:sha256:260000$ibpLUwhos5NHrC4L$8011df767612baf6b1ff30f1ee08d177a3f7bfc3fa811adcbaae57f18a61ff60","Cassandra","Smith","40.28"
"127","escobarkevin@yahoo.com","pbkdf2:sha256:260000$3wNnSGU9dV6RBcdz$98fb4a1b73d5f4f802e34dd98e5501496974a2bda6f389bad3d957df70f5b0cb","Sarah","Campbell","78.73"
"128","batesdawn@hotmail.com","pbkdf2:sha256:260000$L2jnYgczREtF7wN4$35b00b299b4be792e6c386cc65543930a419e2edd4d6a701aa0acbbd99cf0293","Robert","Brown","6.13"
"129","olevy@hotmail.com","pbkdf2:sha256:260000$VsnNug5WQRq4PoVd$02462ba7e8b626025ec754bf778b5a627c86b1bcfd2cd8b755627696922526a7","Brent","Flowers","65.48"
"130","farleymark@yahoo.com","pbkdf2:sha256:260000$o5RAxk5SluzHcEku$f7afd0d27e54bed784b508d2884d89160b6c6b08b9af0e4affa0ca664e26a184","Michelle","Walker","83.75"
"131","kristiedavis@yahoo.com","pbkdf2:sha256:260000$uwhrfOt6YDi16f3O$ff07d1a69ea37e933906314d13f1ca9a223ee38c370d696909c5fa0e6dbb4dbd","Kyle","Howard","29.64"
"132","mstevenson@yahoo.com","pbkdf2:sha256:260000$z4zY484sIJmPxgfL$358273a4ee5f89442708926ebe77b38a1caf7d464c68bb0e4c5b561dcf8fc197","Martin","Reeves","26.28"
"133","tammy08@gmail.com","pbkdf2:sha256:260000$ELyY8dBpzDg062eH$6199ad998cba0170a15a86f8a5c4a30c2830b0e0aa7ca9a3f45a100fa0734c6e","Jennifer","Kim","52.36"
"134","christopher27@yahoo.com","pbkdf2:sha256:260000$rVaJ1zkrYRIs4qa7$eb102f85fe6ee33a53b02e33ced2a1ce93a8392652f4bad5b06fe086304e8125","Robert","Jackson","79.68"
"135","susanhernandez@gmail.com","pbkdf2:sha256:260000$JOeg2deR77bvfNG6$4b8d7ffa6baea3f8ea731122371606536f5b2f77a7e1cc3e71c069f27a3323d8","Robert","Knight","3.01"
"136","caroline63@gmail.com","pbkdf2:sha256:260000$s40uFMDQ8Luzmzsf$5d1d94baa28470e8addaf2e41ea1dcd1c2b1611c4150d9e2274978b124115c38","Brian","Mccarthy","28.30"
"137","michelle48@yahoo.com","pbkdf2:sha256:260000$xghja7ewFxAWp2Y9$1bf736c917a04263adeb92440e644f141cc9b6d0feb42ad720e6f9a94af468b7","Jade","Myers","78.17"
"138","tharper@hotmail.com","pbkdf2:sha256:260000$yx2HTmC90DqGOJ5b$8fdb46e7abe7d3571d8c107bef19c5ba7a033860d493186d7cae86aba3aca1d1","Joshua","Castillo","40.64"
"139","rachael67@gmail.com","pbkdf2:sha256:260000$Miv3qEqekOerfKZ6$d2031d94079de1226e61b7a08394927a445f92d685bb0e393a90252b5bb64459","Belinda","Smith","33.98"
"140","zgallagher@gmail.com","pbkdf2:sha256:260000$kqWuTMwYK3EQ1SwO$7425af49cb40eaadd67ff69ed7dae2c1fe2f6fcc191757ffe6ac4e958359f398","Kaylee","Rivera","58.31"
"141","mmartinez@yahoo.com","pbkdf2:sha256:260000$abpnSBU3xIb7CQSG$192c4028ee84b47497238c0eb8e5e04d9559e2c1f475cf3b7b4fa7564ab009ea","Rachel","Jones","75.70"
"142","twalker@hotmail.com","pbkdf2:sha256:260000$udkaxA3TguNpjQyP$3c04ebd66884ab44d75c15f1393048180a640fc10bcff21948e2ab01f007e2ee","David","Harris","18.53"
"143","deborah20@hotmail.com","pbkdf2:sha256:260000$G0eYubhiB1cb1XlU$c4fa28fa938c4c004a564f74ba3b30d750fe460185781f44064308ed7509f90e","Deanna","Kennedy","99.89"
"144","wsmith@yahoo.com","pbkdf2:sha256:260000$ge2tw9x7rpJLdHv3$937cfbd0909ae9d7c464aa00cd6497c71b1b76aba3c9b0958d07a147809a7f5a","Michael","Waller","21.31"
"145","nsanchez@yahoo.com","pbkdf2:sha256:260000$js9eL4KIKgm1gQ0C$935ab5724339ecbc0b4a2aa149f75487121c7d056c17c09e669e53720589908c","Dr.","Garcia","98.56"
"146","aanderson@gmail.com","pbkdf2:sha256:260000$erMQo10GXrYzaQ1J$9cf183381a3adddf707b25ebfcd9193ccfb758c1438d9ac63d2b784bd88196d8","Henry","Dunn","2.68"
"147","iyoder@hotmail.com","pbkdf2:sha256:260000$5ugKFNZ883N1U4qF$38fd86b371815d0c5d8d2db85e478ae0e604fb4f65f720be719d3994dc76da17","Patricia","Jones","78.48"
"148","etaylor@gmail.com","pbkdf2:sha256:260000$MHttrHV4HGl56qrK$bcb27ed9f5c7927e315d46dc4592ad5f877522883ff471ea3263797c7ae6943f","Brandon","Nguyen","79.27"
"149","robertroberts@gmail.com","pbkdf2:sha256:260000$PAGxkZ4k8lhuWddh$a2c3db96d0ba18d3ec8e4f486213f1438403b7d9f964ab11086d4482da6662ae","Timothy","Castaneda","88.38"
"150","utorres@yahoo.com","pbkdf2:sha256:260000$59WkOu8QukeckTv3$c06547636d3adc147339f708a1f95c03ce429cf44de79a63345a752f541009a7","Timothy","King","53.03"
"151","joeljackson@yahoo.com","pbkdf2:sha256:260000$keBEzs6yi3XdYzYr$685d31b86b8813b802e12d827f815e4ce1ae6239f5e5788d48ff6141c0bc91dc","Courtney","Miller","6.98"
"152","vvang@gmail.com","pbkdf2:sha256:260000$ssPrXzxTDJaauSDG$1351ab269442cf17ce5a9cbebfffa8874e07cac89203f4fbd7999ae135d139e3","Jessica","Dawson","11.97"
"153","edwardlawrence@hotmail.com","pbkdf2:sha256:260000$XQB8lDf98MDQ2fui$5154792bcb53a71ad2aa8d3ae3e3df308da02265b8ca7983bd18cef46d70d3da","Jean","Smith","27.48"
"154","robertmiller@hotmail.com","pbkdf2:sha256:260000$Gd1WSYi2iqjeMbbq$00731f1cee7ad43f5df2f533667c96f4f01038b56580dce8bb21cb084c8812f7","Tristan","Carter","89.38"
"155","michael21@gmail.com","pbkdf2:sha256:260000$vSLtcD33x0C81BoL$81f7bee2dc4ffd98c39bb92d880fa66627d4df73edcd1c6379790ac8aeb4b281","Christopher","Anderson","33.72"
"156","wagnerangela@gmail.com","pbkdf2:sha256:260000$7M6F9flTBP8WZjJO$6c9c013cbc19be0a8f67adf9ac461cbb5e563063c4dd69556fd3e174ea75f694","Raymond","Allen","5.75"
"157","brandi52@hotmail.com","pbkdf2:sha256:260000$iETV4MwTkMUFoN6u$a73aadf6bd3882be9b2e89dbe5e6ff351b3fe0cb590854aaa13bc50c829f794b","Joseph","Johnson","93.72"
"158","andrew27@yahoo.com","pbkdf2:sha256:260000$f2zWhUCnhVyxewgW$d503451747138eeaca83c5daf1e8568da18350540c02a1f8ca643260f0126747","Jordan","Smith","85.26"
"159","dylansilva@hotmail.com","pbkdf2:sha256:260000$8CJUZekZKundDjcY$96350732adbaf4d5eaa1ff0ef3c7d4b823f3aaca014a95d1f87d9759d8f31d0c","Haley","Krause","26.35"
"160","gregoryrichardson@hotmail.com","pbkdf2:sha256:260000$35whGvMYCi540we0$7ac7bee37852405a4dbb8fb4ff6ac103f9c6bb5305acf62a4f28552194c2befe","Laura","Cooper","3.21"
"161","amandahowell@hotmail.com","pbkdf2:sha256:260000$ZYQhdjsNBwcjMxGH$aec4e69c23a354b4ba2510df4541dcecb5f7a23ea979c91a960ad89016737d33","Ryan","Casey","30.67"
"162","smithpatricia@yahoo.com","pbkdf2:sha256:260000$ug33MEcVhE1Y817O$cff248090942db54b78583c194b70e5281462d3edde5e3265fb58c5baf2b92f5","Patricia","Johnson","4.15"
"163","jonathanortiz@gmail.com","pbkdf2:sha256:260000$d3Qca9DGuGnwCJzb$8757c66f192b121b4ddfff57550b9f435be65deab707109582c61af534cccd32","Chad","Glover","73.82"
"164","jayarnold@yahoo.com","pbkdf2:sha256:260000$68Pzx83JCYF1Bs9l$126acaf864280c9edddaa21a38eb6a2da9ff9f8d21945af28f54349ac181b601","Grant","Silva","48.24"
"165","solismichael@yahoo.com","pbkdf2:sha256:260000$puLlilgNtgokhNig$f9d26de373b8055d94be9f6217bd1effe2dca7460df33c5b836054f94d32923a","James","Carter","31.93"
"166","fmarshall@hotmail.com","pbkdf2:sha256:260000$oVNPkXItQdpNE8Yz$0646ef6dc1c8226e7f49a3780323a451e348146818ad2800edbac792a01ae266","Gabriel","Johnson","30.42"
"167","jenniferthomas@hotmail.com","pbkdf2:sha256:260000$rTZfYoWlMZ6deY2D$52b615242003d133e20554dc26142987a1d6be206d95a926da20efe11951c986","Joseph","Johnson","4.57"
"168","colejennifer@yahoo.com","pbkdf2:sha256:260000$iEezPQ4mczXlLc3D$7820675321505c5c6105e5ac7409fdfef4ac0beb88b880b34ca8448b536b4e31","Julie","Davis","51.03"
"169","fritzrobert@yahoo.com","pbkdf2:sha256:260000$hfZlEFWtQtH5SmEl$aac39d8cf28bb77b1b8dcd37a54961071af72b6054a045c8b313cca0bc59eaa2","Tammy","Patterson","77.53"
"170","jennifer28@gmail.com","pbkdf2:sha256:260000$JlLSOgc87bXjz2a4$edeb0a85e349dcb30ee30c9844efa1071a7dc9de3f14b59c54772436639c98d3","Sean","Lam","76.43"
"171","rwalters@hotmail.com","pbkdf2:sha256:260000$nADRqfvNwkkch67r$e66611ca7ff481eb997f48d6639d3f1a3b5e5795ad62e251fc033b6f51189b5b","Karen","Parker","38.69"
"172","murphyjonathan@yahoo.com","pbkdf2:sha256:260000$lcd3JixiYRg4l7MI$a3755046df8731371d3a9fc23333d2d547619d624664e5f3fc670ecc2dfc51ae","Anthony","Stone","23.64"
"173","francodebbie@gmail.com","pbkdf2:sha256:260000$U1iRjKFgKNSVIc0t$f70151f3462a5b682c4e8a06da4e7846318231153eeaa989afe6f9cf4f240acd","Samuel","Bernard","20.93"
"174","maria20@hotmail.com","pbkdf2:sha256:260000$GtW283UpSs3qVZjS$13fa77633f08ff8a02e0ab708c3e47419767a42699f76b007b0241cc7107e182","Courtney","Quinn","92.73"
"175","nrobinson@yahoo.com","pbkdf2:sha256:260000$hEr43gXc5r1T97QQ$3e235cc4bb65020c71b3e6cddf5c4b096fe15bf4366020f82df5d6caa83510ed","Deborah","Mejia","89.69"
"176","groberts@yahoo.com","pbkdf2:sha256:260000$UL2AhO1bap4NdPE9$a3b7f57659bb6af9b3bee6889920ce5dd0d3e538c3a22156c80822b8ff4ced09","George","Hopkins","39.30"
"177","ariasmatthew@yahoo.com","pbkdf2:sha256:260000$5D2z4ophZno0zC5v$903b624a2061893638d038c58379012cb6192b763cc2af317708faf39236353a","Joseph","Mata","15.13"
"178","williamsnicholas@gmail.com","pbkdf2:sha256:260000$ZSCaUD1Z9Ew4ImMH$b224cee5dd90b3baa3d66d57b4c101c5429211073594c0fc2383799a22569726","Robin","Fletcher","53.62"
"179","carriepotter@gmail.com","pbkdf2:sha256:260000$gmp5ZvKSfGNl7LZJ$98779ec498c798e0e9fdc6eca16df8cc0a64dfa3e997dfb6b00c6165e645f720","Donna","Cox","14.45"
"180","seth56@yahoo.com","pbkdf2:sha256:260000$mzKh7u1bWvLhYEcX$a21458c3c57e039bcba67c1623495d5fff21ccbdcb99ea68e46a9701e7f1eda1","Laura","Wade","32.04"
"181","ptaylor@gmail.com","pbkdf2:sha256:260000$OFEkyK6Ycqqy7OCt$2e377cc56d9458d7f13bad071ec461be98304257e23bfa1e510e979448894e23","Robert","Bonilla","10.61"
"182","kimberly74@gmail.com","pbkdf2:sha256:260000$uSeRqCPLDC04ryRQ$aa93e7889bb32a94bf9060ac94a81218610ee56cbf4d8f9369a345ad07b5f1a4","Jason","Schwartz","82.52"
"183","joneschristopher@yahoo.com","pbkdf2:sha256:260000$Jm5r4PBCMja37j9I$8f3ba70d24490e6aeaeb190c19e838d85204b3f3f0eb95f61f08d0f91a9c8896","Nicole","MD","67.34"
"184","ericmontgomery@hotmail.com","pbkdf2:sha256:260000$I2kzxS0pzb8YnfCM$3fc42f9cb51dc847966f30c1304f8d8b27cc8e92fd375c5f50b173e46db3c5bc","Jennifer","Patton","54.90"
"185","danielpowers@gmail.com","pbkdf2:sha256:260000$Ra7E4OS2VKDLaOsp$46296bd7182f6e2c8cafdaa2235b37f0a0cc3c31f2e0a13b251a53dbde22f003","David","Combs","14.11"
"186","julie89@hotmail.com","pbkdf2:sha256:260000$aOXHUDUOqoZl3gqh$683fd468eb27288d1b407dd45ccb85fda185275172f18ebc4c7bada7df092f4b","Sabrina","Lawrence","7.96"
"187","lori98@yahoo.com","pbkdf2:sha256:260000$x52oUu1xFNvCjBdb$386537beb8fd46a506e98d5c462f4615b85cb29445c0cde07be888fc3a304e1d","Nicholas","Thomas","15.42"
"188","bradleyward@hotmail.com","pbkdf2:sha256:260000$pHTcDwdXmitomKIU$ad89059f05fa41e8885eadb0fa03d2d80dadb8cc36016c5acc9a6d9ed849f2fb","Ruben","Burke","3.33"
"189","garciakevin@gmail.com","pbkdf2:sha256:260000$4muqsuvrX6sJbz5D$1674424a3c8429444f8a53c1678348b867fd4072c2fe41e78de55b1cb4eebc63","Jeffrey","Peterson","33.31"
"190","carl05@hotmail.com","pbkdf2:sha256:260000$otTe8nCOJh2Fqzb5$d99d1d25f3ffb9618d3917bf167f84f43f98e18ca76102ff5b9c1b62ae67fe5d","Maria","Ramirez","79.29"
"191","kenneth78@gmail.com","pbkdf2:sha256:260000$zQ3Np77VR8Wm3bfU$1e0d32c7ca02f93207b634930441d51e4448ff9eed1b75d1213ffa961846b271","Johnny","Jones","43.52"
"192","valeriefletcher@gmail.com","pbkdf2:sha256:260000$NwckNzMcJexKY1hc$9afab720ab06bba2ccea861a513fc71b5a27e6833516c642d806b99e029fba79","Amy","Gray","99.83"
"193","jeanbaker@hotmail.com","pbkdf2:sha256:260000$gskBnNIvZXFjjR0J$c859b4a1a81e2da3c1252cf6f72f59173f6090e69a17d966a7b77f09ef63c5c1","Larry","Owens","70.40"
"194","tmurphy@yahoo.com","pbkdf2:sha256:260000$Hjo5vPS4Nz50yPoT$6513f774d60c1ab8c98bfc5f70e72eedc320109e14eee66e04248dfe4b22f5d2","Andrew","Jones","6.74"
"195","huffjordan@hotmail.com","pbkdf2:sha256:260000$prca3gQeXwwgueZK$4620b8569613214bb717a648480d6a938f161c5ff75cf857c54d9fb9417b39a2","Edward","Sanchez","85.47"
"196","tracycampbell@gmail.com","pbkdf2:sha256:260000$vgVrrzt9msxmmHhx$54b5bfdb34c171fef304bc80646df0ee25443457a298a216d261a16140eb0fc9","Johnny","Mason","33.14"
"197","jwaters@hotmail.com","pbkdf2:sha256:260000$tfchwoP5pOwhMm2D$7ade8187f0ec5d28d1a5005d255ec6202bca96c2ee11c85bcd24983af2e7e917","Jared","Nguyen","0.02"
"198","walkerandrea@gmail.com","pbkdf2:sha256:260000$NHsmAMnPPWJHblQc$4e666639955e35aa3cd4090077169759e2e8fd0ddbec3b612f89ecb74780b562","William","Phillips","89.58"
"199","caseychad@yahoo.com","pbkdf2:sha256:260000$o0XR7Kgh56Sxq56H$b37d1c6a4331ea1e5fd41a3e62b563d02f153675fd909c119eb533366c0fe8e1","Thomas","Patterson","3.19"
"200","hollymorgan@yahoo.com","pbkdf2:sha256:260000$3xEemG1iVl9pAl03$9df5e7fe03faf643fce66b7ab1d43689bb6ea92242cb23199f8010bf6a6fac7f","Lynn","Collins","100.73"
"201","abigail36@gmail.com","pbkdf2:sha256:260000$xn4ECPjRmflUePtm$c118d22e02470e925f5ff940e4dfb2f6ef02d2772d1f14322f9f8402b92525d5","Sara","Diaz","79.27"
"202","russellchristina@yahoo.com","pbkdf2:sha256:260000$RgdAf80KodtyTOZx$77bbac03660a469c9a3387585babf631fec257d6a58151fcceee5ea784c532a0","Nicole","Russell","91.02"
"203","aaron49@hotmail.com","pbkdf2:sha256:260000$RexDy57dQqAZzkqB$079d3ee2604585d696443759e6d4b5cc33ac571826f92c6886cae2db09ab5590","David","Meza","100.58"
"204","brianna89@gmail.com","pbkdf2:sha256:260000$uSXW79OkGdYQGXNR$2aa269b81dd099394cce245d96aa0b2db579a9187b35c79fc4df7f45270d5e31","Sean","Perez","54.40"
"205","frederick01@hotmail.com","pbkdf2:sha256:260000$NjVqpJkHuL97UJqb$bbcf676cdec4e5ceea6a185761af736edb759b72a0ee21150fd74826f142e406","Wayne","MD","81.66"
"206","cristian76@gmail.com","pbkdf2:sha256:260000$1n9QtKoiZvUyd2ec$3a168ff20538c1588555c49a050538aaf3efd84329c9810128e64b3134f000ef","Ariel","Patterson","67.47"
"207","bensonedward@yahoo.com","pbkdf2:sha256:260000$XKXMpIDbVlGVPH5g$ff6e04c67a4a07f630c5c3add2d30506e1757cc1194c54fc0f162a905ce5246c","Ariel","Hoffman","69.44"
"208","maynardthomas@gmail.com","pbkdf2:sha256:260000$Z6KwQcpnPJhIyKSM$d3f8b17aa558143798f0b6bf81b8afeb20bd40e2fe327578ebf631d8b3dcbcb1","Christopher","Carter","51.01"
"209","jenniferhobbs@gmail.com","pbkdf2:sha256:260000$L57JsEc1sh8RwA61$d830206238305e74fa86eab9f98c108030f2e1c0c8d8f353de2fcb65d641af67","Amanda","Baker","61.65"
"210","torreskimberly@hotmail.com","pbkdf2:sha256:260000$ZC9Fhpr8WKtSJIkX$3b70e1df6f0aedf16415ba582fcfebf2f68be420065a963e578f3f214da2d442","Joseph","Richards","25.78"
"211","lconway@hotmail.com","pbkdf2:sha256:260000$FtRj5Cq991aAqyDp$3124b0347638b5c7479c74f2603b766941516cc638d21a02af150ad0ff8711cd","Bobby","Smith","52.82"
"212","alexisrogers@gmail.com","pbkdf2:sha256:260000$lG46Tw8IAYZ1EcSE$cce2b08fca80c30922f527aa2db711b933783ae1aecbdd2146e2fdecb9298c52","Shannon","Carlson","70.52"
"213","kross@hotmail.com","pbkdf2:sha256:260000$ZL4gMWf5xBhaEp9E$4d6cb105ab52b09a425c3f8d66aaf19a4cb9ed0aa402c3574538c9a088f5f1d9","Catherine","Ramirez","97.38"
"214","gibsonsamantha@gmail.com","pbkdf2:sha256:260000$hHyjmvpNQdus9kqC$43cd79c063f2147bf0f81829d486ebe9335ee999f40dfbbb5756b30e8568fdcf","Steven","Ferguson","88.48"
"215","michaelmack@gmail.com","pbkdf2:sha256:260000$4sP6cuNv3ZgihhPJ$6bd2b5a49c8712be370761d8e811b3f13d2d82f021f06e7c6a05e2ad230cf2c8","David","Brandt","99.78"
"216","shane64@gmail.com","pbkdf2:sha256:260000$0BW4N1XJE6M3kQWq$507ed00353bffdea1e8fb16b9f18e535aed7944bc4ef0a38f8f7ab4cbf1033e6","Traci","Wilson","6.65"
"217","mendozabrandy@yahoo.com","pbkdf2:sha256:260000$unDwdOUmI7nMOuO2$64891fbf2bcf94a9cb0ca230c6a27d081b5b9fdf099fb263cc6e90f80fb9f1f7","Stephen","Knox","68.74"
"218","christinebennett@hotmail.com","pbkdf2:sha256:260000$eMojRme7rl4pdpRb$8babc494bb050a78fb51f5ce97459c2ea6f450b96c8b8e7259464a651eca0b90","Thomas","Bell","86.74"
"219","zmayo@hotmail.com","pbkdf2:sha256:260000$iiV0MVkZMqYTxNhK$20fdf3bb0e639dd0d5621e24c553493d56dfd8c6bdff4f3039ea88d6806671cd","Joshua","Anderson","43.57"
"220","dgardner@hotmail.com","pbkdf2:sha256:260000$It5lGAx8Jc6FLK5h$3258f98041fabbb191411c51b991b0051440a3c013b29687fe861e1439c00b0b","Catherine","King","35.05"
"221","hhall@hotmail.com","pbkdf2:sha256:260000$42dY4sl9c3Or8IFw$1c106bb07b66454157c5367049032395d53cce132cf111b85922ecc4ceed1f94","Melissa","Allen","67.56"
"222","ucarter@hotmail.com","pbkdf2:sha256:260000$EgK2CrUnumaukP7U$18fc4dec16ef1530418f680d6870268c4cea742a76db13732fe3e6b8b82c7753","Tiffany","Craig","58.78"
"223","meadowsjeffrey@yahoo.com","pbkdf2:sha256:260000$eydDY2z6M6y7sYmq$68b0a085084625ce8d83bdc4cb08f1cfd2b45d2bdf778ea820dc723aba5f9350","Seth","Moreno","37.79"
"224","brownjoseph@gmail.com","pbkdf2:sha256:260000$TOTET7BuBPxnMUAj$e76872397cfe62bbc390f3bb28626d18b14f5b195c6172382a8fb461e13dc2b1","Timothy","Mason","30.83"
"225","bwade@yahoo.com","pbkdf2:sha256:260000$R7TnE3bDNweG1V21$96fcebed5f765b40bb0cc258a64ad3f3fbbb7225f998d62575dde68dddb9927b","Matthew","Trujillo","49.55"
"226","myerskevin@yahoo.com","pbkdf2:sha256:260000$PKRbIYYLNbaVnaNm$0d4c7f04bce649f0fe57c8e0eab657d2fe3dbffb5dca4c71dd8e8479bd36347c","Robert","Nguyen","30.03"
"227","reyeserica@hotmail.com","pbkdf2:sha256:260000$saCWI74ffi4lVomW$9dfa77a88bc5d31d9720b2c778e441f2977d6820189372ee3a0bf1528a4d8c4a","Tracy","Brown","97.41"
"228","ymckee@gmail.com","pbkdf2:sha256:260000$N6ATpxcBkWTh31h2$6a0fd97913ed4c748bb53f91de691709dd6c8f4f199f83158c65aa732066db3d","Kathryn","Johnson","79.25"
"229","danderson@gmail.com","pbkdf2:sha256:260000$zInK2huzRSofZCWK$c7aa4942d881c6f7ebc0bdfeef4f71471cb7c23a80afbf6571d59ab87f0dc3f3","Aaron","Johnson","54.23"
"230","kellymcgee@yahoo.com","pbkdf2:sha256:260000$VYLQbBIP6xAa451g$3cad9cd9cd1b1c53ec3457331231101f6e437c121c8440a89df9b100c878882d","Erin","Robinson","18.50"
"231","evansricardo@yahoo.com","pbkdf2:sha256:260000$QGStHx9ikEOPwcoK$6e564bf50d5927cb3d5d7979658eab3855511dfe7fedbc9b8d2468ae9f409830","Mary","Campbell","90.77"
"232","iparker@hotmail.com","pbkdf2:sha256:260000$gAVH4EA7YDFywa7s$acd9e8375dd72d0b29d998350caf2cc9cadb42d91ed16eecbfd9abaf88bc5d0e","Jason","Taylor","48.02"
"233","logan10@hotmail.com","pbkdf2:sha256:260000$KQOk7BTtYejmjcOY$0240462498f581e718593e7726c1c01aece4f07b45ba5ff1cf62b7b318e9c173","Joseph","Schultz","69.94"
"234","jacqueline10@gmail.com","pbkdf2:sha256:260000$Ev5hqZATChhissaV$e452a76a293db6c6aa6f16d7042581e9ef86c0be8b40ac6ed81a9da32e19ae4d","Monica","Thornton","11.08"
"235","lindsayjordan@gmail.com","pbkdf2:sha256:260000$NpJB2IVU4kB6VSUz$822d9d2cb8e4f22f0eda40f1cfbe5725acc6bfcba2d8fe7e1afb66fa64387a91","Daniel","Rogers","32.70"
"236","timothycox@gmail.com","pbkdf2:sha256:260000$VM1pOiSuJaQAqrFq$c9ea39702406931f3a30014ad40f6253966daf4ab3ee3da7305b1f20f48b8bd2","Jessica","Brown","49.77"
"237","dunnderek@yahoo.com","pbkdf2:sha256:260000$GtecXMxMfBhj3762$725ef92183b922d26cbb32386389f39290642e3808210698af23b0a91e1ebeaf","Sara","Collins","28.75"
"238","walkerclarence@hotmail.com","pbkdf2:sha256:260000$Vt3bbAa5RnK7P0EZ$f20709d144813305877faae75eb375b35d742152c9362e45e2a57f11f5da85be","Timothy","Rhodes","89.02"
"239","grobinson@hotmail.com","pbkdf2:sha256:260000$cukQgLsLVpRMLWlf$fe81b9f937388d49ac569178b722d742efdbf8b55697e2b61a06bdb7aac3b834","Kristina","Adams","42.20"
"240","diana75@gmail.com","pbkdf2:sha256:260000$gZRkGEfDF9qQ6zgN$13b9cbc16d61c961af4011df734465a444e5b662bb09a076cc74653eb59f7d2a","Joshua","Brown","87.04"
"241","gregory24@yahoo.com","pbkdf2:sha256:260000$pcvqkiCdAFRTPsmg$770c8fc42938feac129869e698b89b9b08588b026723526ecbec1be4ab8c34cd","Christine","Andrews","23.10"
"242","megan90@yahoo.com","pbkdf2:sha256:260000$ofUOqMg48rzD6KV5$ccb17a28d565b609c7da56dbbdfbdc898b5d4cf5d346ecd9b9c1b89670f0cd3d","Anna","Floyd","5.28"
"243","estradaandrew@yahoo.com","pbkdf2:sha256:260000$yeKkrAQ1p6dZ1Hgt$36185da451726644697e74ea0d9dc4f3836fcda0e0ac9e484ff19c6ef74c1353","Barbara","Thompson","86.89"
"244","darryl45@gmail.com","pbkdf2:sha256:260000$AqkuS9NqVPw4LW0m$090b0c438fafe90627e6042ff56d165f2463a2c4eb7d1db067f7a67d25995f83","Candice","Gonzalez","83.14"
"245","barnesdebra@yahoo.com","pbkdf2:sha256:260000$Kf9BfewTyFHRCrY1$f32ee39070257783bb9ab14ab9b16ec3784168e07aa77be4f55fdf79d11cf146","Lance","Mclean","43.62"
"246","josephkey@yahoo.com","pbkdf2:sha256:260000$KXWgct0Ug9tqdYWW$d06c0479d9673b3a681b138087ca412c86bae23086a5726b4da7641d2eb7ee86","Casey","Stewart","74.37"
"247","wilsonsarah@yahoo.com","pbkdf2:sha256:260000$NqTWLz0LPe9WboJi$66931f670a9b9ad3e0fe44084fa91d8f0e6f62b8d428b66109ae1932f6627100","Jacqueline","Davis","50.10"
"248","ortizamy@yahoo.com","pbkdf2:sha256:260000$vBRBqhJnomnIAt6j$af9980ba0fabd62d4a8153d3e8cb206db1c5182e1ecca4d9fadac2ce4d8c5c90","Mark","Griffin","91.85"
"249","ryan62@yahoo.com","pbkdf2:sha256:260000$sK6FF19HJnCnZ54v$3a25b6920c7effc57d017165b273c433be5ef0bc711b8396309fd7261f742566","Johnathan","Lynn","34.03"
"250","yjohnson@hotmail.com","pbkdf2:sha256:260000$mBJIwjzmPrdB4eCG$e8555379ba5a9ca806fa5be7532751abade10343ebe7433800c95b569d568ef9","Robert","Ortiz","70.46"
"251","stacycox@yahoo.com","pbkdf2:sha256:260000$R7c4LFLgHLlpGyqC$9082763d2d9abde635dec9696247202699c1034a6201e0cecaa73a5ab6c4828b","Dawn","Rocha","28.33"
"252","jenkinsanthony@gmail.com","pbkdf2:sha256:260000$QLavgvphwrI3FfLG$939cee8f4b2b2070fc53923e6a64ae3143b9e2e6614436672c2e0a80daca9bc5","Thomas","Hamilton","91.44"
"253","juanpowell@yahoo.com","pbkdf2:sha256:260000$9yMDUL0AHO1EZX3M$dced3ba60cf68700b667015f8c2a02d14a6b56c094e67a8fc4907d3a1f78fa99","Danielle","Miller","65.84"
"254","michael43@yahoo.com","pbkdf2:sha256:260000$j0mxedRjyuO18S1z$884333c19535cd44a203c30b9fb7df6334e975e91d1e67926207b03ad38b0d4e","Oscar","Simmons","100.93"
"255","cwest@gmail.com","pbkdf2:sha256:260000$1jstrYdwu06Q8I7h$5573d478eb47d67cec7a7cbd65b5856775fcf1507a694c3911566b6cf02bf3f6","Gloria","Smith","37.61"
"256","keithharvey@gmail.com","pbkdf2:sha256:260000$9dDon6u1DfYDkGRu$c2171a23b5e9df86403e1f9c30e9c88507af0a4d36c5df7690f308053f5e43f4","Joseph","Ford","78.42"
"257","ghorne@yahoo.com","pbkdf2:sha256:260000$xeAxEWVQ3wkgGXjw$c1523670ead264b3a551b23100ed5c2318cebcf4952608774283c0d3cddc1ac6","Kevin","Le","37.64"
"258","kimberlyperez@yahoo.com","pbkdf2:sha256:260000$bebJ1sncSygnDApA$1ba0b9f2de761c2fae2b35d5d6852debde9c300dd2e06f3221e85c33a59e21d0","Scott","Figueroa","58.03"
"259","neallisa@yahoo.com","pbkdf2:sha256:260000$c2Ifrj0aZoQU0fSm$b5a1f78a2f05af8b83fc897b81582f6c529303d38714b6890204228a316cb7c3","Cindy","Rice","89.73"
"260","barmstrong@gmail.com","pbkdf2:sha256:260000$B35NFifC0IeBnT9b$c7027baf981a0a848e70aeb2952ba65c5e2d41861eced486f4019b62979caa60","Michael","Wise","3.26"
"261","johnsondavid@gmail.com","pbkdf2:sha256:260000$FLaOe2plHHuLrM6h$4aa7c77b3afcecb934386d53a2ef36bfbbac34d47d6a4b1de7f0f6ff50f79394","David","Rodriguez","94.23"
"262","znelson@hotmail.com","pbkdf2:sha256:260000$MCddmn9MauccUIBq$ce8cec17d540ed2dd25c4f62226a48fda400697c530dc9e78c47ea3f8105092e","Angela","Flores","98.42"
"263","joshua83@yahoo.com","pbkdf2:sha256:260000$AjC4OVtokERbSprz$00bcc491971b39a22300434952107627b048ecb0c35a4dc79eb4f7c7e47420b0","Brandi","Ortiz","27.93"
"264","rreed@hotmail.com","pbkdf2:sha256:260000$q4ZrFpKaRwu91BL6$7d0b7b33ab5c1f9ef2c11e9a473193f3c371fc9b28b37e28b856a9c208548f04","Anthony","Brown","38.67"
"265","brad02@hotmail.com","pbkdf2:sha256:260000$K0iDMbYwsFAkZjlJ$6a947af659988d00d0d1855fa7e2e30c776cb6d0944cfdd075fafbd10ddc0487","Laura","Jenkins","65.98"
"266","crystalpowell@gmail.com","pbkdf2:sha256:260000$2u8iyjATlFZW0pIB$f00314e5e2bc33090eabedd68bdc2296ee0f82bded326f90df30c0a19aac30b6","Cindy","Stephens","29.63"
"267","adam33@gmail.com","pbkdf2:sha256:260000$pAprSwuJzBOWshMJ$c03a27b9233737a96783280b200171fdb7b77364fb344588edd155268595cee2","Ryan","Murphy","73.17"
"268","matthewhoffman@gmail.com","pbkdf2:sha256:260000$9MbHip3LjpZ9flC5$abd8a1ac0af020f20b832c2883b43d48db3795173590d5276dcd70519198fa21","Christopher","Krause","100.60"
"269","yoderjohn@gmail.com","pbkdf2:sha256:260000$aac1xg8JhxwXvkAI$830a4b25778b8384200f59814431575ec117540b4378d8442b8ec428b6c43568","Rebecca","Valenzuela","2.93"
"270","toddnelson@hotmail.com","pbkdf2:sha256:260000$WGj5JaEPGfqNWfQX$cc795ec6aded3619f3520aced3300a25e36357112d0a1bc41ffd18c303e6c40b","Vanessa","Horton","14.89"
"271","kerrynelson@yahoo.com","pbkdf2:sha256:260000$A1LCM86E1NfSABYR$b36d2c71e06bc3838d4f12db784cb12d7420f62e309ed205fc1152b498d81c3f","Jeffrey","Santiago","49.56"
"272","larrynguyen@hotmail.com","pbkdf2:sha256:260000$LEMv3oFaBd6KZZTd$4123164c401eb70a7fdaaeea9b77e1363bb7b5485d99c624b5c1082aa16a27f4","Mr.","Jr.","22.64"
"273","roblesdavid@gmail.com","pbkdf2:sha256:260000$fMvtnQ54czz8Zomh$bd559042e98e3f7f3bb4c7d4fd85ebdd9c3d97c80dae9c3ca42828960f746ca7","Tiffany","Miranda","73.36"
"274","mitchellkim@hotmail.com","pbkdf2:sha256:260000$wjfmgmqEXGMTlrvg$c399e821e510a2e0cec2a53d287e27a733f27e3888622451dc4993416999896e","Lori","Anderson","44.00"
"275","wheelerdavid@yahoo.com","pbkdf2:sha256:260000$OPgHmTQihfofwPel$9ee4f719e86bb3412ea3961a111534a6ad725303bd5812dad4d69463f5cb2e2b","Natalie","Reyes","35.46"
"276","bairdcarolyn@gmail.com","pbkdf2:sha256:260000$LfuJWs3HJHE96qM8$9e94611e1deccf1df7606a73f321bbf4663b7959805104975ad3069f249ccbbd","Scott","Hill","98.18"
"277","jgarcia@gmail.com","pbkdf2:sha256:260000$2VhVfW3zKAoziY1F$7723cac65df471c580fdd8ef74607f9d4a2244cb167d1fdaeab01be881de66da","Kenneth","Huerta","1.04"
"278","xtorres@yahoo.com","pbkdf2:sha256:260000$5Dv4jRypElk2SvtL$6c9178d39ffffdab5199eccc2f19829fa17859b9d60ab552c241066864857551","Erika","Pearson","95.70"
"279","mitchellangel@hotmail.com","pbkdf2:sha256:260000$8mKOQHNaurtZbXMU$361036f753899b2287cd1a03b569b772a0f0164f15e3fe73b49aa0781a5463c7","Robert","Moore","96.44"
"280","dominiquerodriguez@gmail.com","pbkdf2:sha256:260000$5g0ZE8rFauCIoTPm$03556be8f48e2970dd757f8408e927869ee8a6e6020cf631973cc3cf1fff51e3","Tonya","Walker","5.46"
"281","jessica76@hotmail.com","pbkdf2:sha256:260000$UgQC0KBhxKcnu4WA$1a342cfc7a9b42085f4e8e772ffe55ea6d75ea322a49ac3fb6f30b3ce0c617b1","Jimmy","Smith","46.34"
"282","tammygibson@gmail.com","pbkdf2:sha256:260000$EcJZpgFo75yrjZbA$e1bbab43233437053597e33ac75c7f4ac7f02a1ff978ca7bbe6e3abbef4e9f4b","Katie","Garcia","82.79"
"283","jbryant@gmail.com","pbkdf2:sha256:260000$J11iHOHdVnZDwsY3$70f38f4f86218309f95e6f0ff9f421d2754ce4a09b76081dd3f54652d972092d","Karen","Anderson","84.75"
"284","ayalaeric@gmail.com","pbkdf2:sha256:260000$8tGXER9FZXattbq6$74e34f674b1973627550dfd6a37f98453b43ce18812d9b9c2cef5dac73f7820a","Jacqueline","Vaughan","44.96"
"285","douglas33@gmail.com","pbkdf2:sha256:260000$YxmE7vZva0knCiJU$186607bbf6c07a4bca93cfd1ca0d443d9ad489ed7e995db75c8df55fdf77e355","Samantha","Smith","91.66"
"286","rvincent@yahoo.com","pbkdf2:sha256:260000$l44LhqhItSpEV3tR$681d0d4333c7a4683884dda31a1b32b71303639151dc3e6ae38f0fbf843dfbdf","Jeffrey","Roach","64.81"
"287","charles68@hotmail.com","pbkdf2:sha256:260000$SUVFpoH3wsKHnxSM$25745fee100749650e41065ec5342433aa9af03dffa402ecb1b9035a5a98cd67","John","Buck","95.59"
"288","kathrynraymond@yahoo.com","pbkdf2:sha256:260000$3ix5uTnKm87V5hLR$9433c38676fb6dc94614c5031f073339b6f85c207f857ec43f2ddc3fe10cbfe2","Kelly","Pierce","40.63"
"289","aliciasnyder@hotmail.com","pbkdf2:sha256:260000$82mTEqkv2v9VRAq1$5a77d0f00f5c31a00e80a0927da2da404ac09f722608cf8daea66be26ea2ca45","Susan","Rodriguez","47.78"
"290","ivaughn@hotmail.com","pbkdf2:sha256:260000$acng3X9FvBIG9Lun$c2a12e3caed0b298fe3a208c3cc13e7e5b7f45db30a2d86189b94a8db1d503e8","Joseph","Villarreal","5.79"
"291","paul69@yahoo.com","pbkdf2:sha256:260000$ZD9qxTO8dMvqrk6T$fab2adfe26cb2f8d374909fa28269f8ddcc2abee62cadd6e0d2d08580bf366aa","Lisa","Obrien","45.06"
"292","ochapman@yahoo.com","pbkdf2:sha256:260000$S1enCvQayjimHkx6$d130b6a09d619e3288f5d5bd966f0c6e2a4e1f96992ae1719d066dcb819daf13","Erika","Johnson","72.34"
"293","khunt@gmail.com","pbkdf2:sha256:260000$XonrA7lXiNcHaWmw$a8c03389b26eb50c58f0bf94f27b0462be2cf20308b11d9531a9912ed37d552b","Joseph","Parks","72.83"
"294","eflores@gmail.com","pbkdf2:sha256:260000$tAXwWjDGo1DgY51t$c65847f62bc6f59ff71dd038702767ae9dc0dbcd0439517ddba6400a20f07209","Carolyn","Kim","56.00"
"295","jordanmayer@gmail.com","pbkdf2:sha256:260000$r7yG1ncvdVYaBeNm$7b2fa95ca9e4ade364c62c00fb4dde02bd75a8ab440357ccfade3a5c4cf8627a","Audrey","Cochran","65.77"
"296","wileymelanie@gmail.com","pbkdf2:sha256:260000$8n7mzAXjhKgplVgz$18402ad25740959e57881e2bea326d5c4b1e796978ef5cdf8929612762013cdc","Leonard","Burton","90.43"
"297","darrelllopez@yahoo.com","pbkdf2:sha256:260000$yc0Zy0HOOO7jfEyB$c6d08653d069b742f26c357062b8fe7e081d7202f5a3e7d80a44c41cf6e4d3d9","Rodney","Huang","82.03"
"298","darlenewalker@hotmail.com","pbkdf2:sha256:260000$De9OyuXo8eSiBeHa$de9b51e20dcb317fd5145714811aaf7c1a75eb9bf4e5336f77661a08210b60ac","Amanda","Rodriguez","95.97"
"299","wvalenzuela@gmail.com","pbkdf2:sha256:260000$B5qeIrgmVgLEwHy5$5f400d7ee8a11c742fd60afcc7184ab0f84093bf07b24f16bae6d207d414393d","Dana","Snyder","33.01"
"300","lparks@yahoo.com","pbkdf2:sha256:260000$WlvvSm5LCKXEiTxr$e7f65f26d64f2f169f3595f6b278eefa38b36c64b5aa9364a4bd31f900c1bcf2","Tina","Donovan","13.12"
"301","isaiah93@hotmail.com","pbkdf2:sha256:260000$znHHtegxyfNZsxAj$2f8c5ed47b1a74b376e0da0d96b63710d5e971984a25d954ba49f2a535acf3bd","Michael","Murphy","27.21"
"302","eweber@gmail.com","pbkdf2:sha256:260000$uOgiHgsKTKmk7mLO$8f74db55bd1284fa9620f475515286f96c7b392eb0e2eb8c9bed280dfd4a47fc","Nicole","Garcia","50.07"
"303","murrayanthony@hotmail.com","pbkdf2:sha256:260000$9Gv61oIYnoRX7omO$a99def143786dc3e4759ada40c2139ba366a60f306c9297ea5f09db28dcb579b","Scott","Collier","10.20"
"304","groman@yahoo.com","pbkdf2:sha256:260000$9AMFWvBYpx6JWLqL$25bb37020054e65fd5532ff5be7ffa5b95bd88ade80e4252921941bdc2f5af44","Shelly","Carter","59.22"
"305","griffinmary@yahoo.com","pbkdf2:sha256:260000$RjPPzmNphCJBjtcV$ab7e6aad0c05cd077496eb4b5105417ab47c8f7b5f844890ad1e724826d2be3c","Marilyn","Lyons","29.58"
"306","umccarthy@yahoo.com","pbkdf2:sha256:260000$ebSvPEdfVa3qN7Bf$6e4235da6713d52775afcb422a31a5a0a7d1908de777b2418d459d3e3da8e978","Dustin","Brown","37.26"
"307","mercadoeileen@hotmail.com","pbkdf2:sha256:260000$rz6hoh9s43hEPufW$92162c341d2c8b7ba32fc60c0f541a48c78d16b8e52aa7b1048264b5656bfbc4","John","Young","72.05"
"308","nicole61@gmail.com","pbkdf2:sha256:260000$Il50lzJvTjXAiVWM$5a6c24fe070c00ddf8b2cb38d8aae73236283dfa5c2a24a026e97e360a7e690c","Willie","Johnson","4.87"
"309","michael29@hotmail.com","pbkdf2:sha256:260000$xy0TrvHfJ0whWzRy$83d606e1d0aa90466226aa7d41de2e6d7bb886a607539c1d7fd24563c8a44a34","Gary","Blanchard","56.38"
"310","ashleyphillips@yahoo.com","pbkdf2:sha256:260000$WApVn9CK4p5FioyW$ab99d144c9e3339ca711539dbf948d20ab1bc078601757260e4a967d1904350b","Kerri","Cochran","89.06"
"311","april28@yahoo.com","pbkdf2:sha256:260000$W47pBnVVlalVyNvz$66c7d785ba27899bd831a49c2c942fa80bd003a3d7bc34ef6db7eff56096be32","Kelli","Wiggins","53.76"
"312","joan28@hotmail.com","pbkdf2:sha256:260000$tFNqowpF8OD6f1Sk$b1ae6e9377db6ca1413cb0873f2d3e0016cd69726c2588a027b9d0516f3852ae","Stephanie","Bowman","1.48"
"313","ashley81@hotmail.com","pbkdf2:sha256:260000$rF3Kiz37Y1KlwvtH$95733123e00f4f802e1dd12a65827ea0fde5b8cc1757cdec6c159dfaae447204","Vincent","Martin","22.56"
"314","rossalexis@gmail.com","pbkdf2:sha256:260000$wilOqCUOxZOuylXc$d007508329b8a3f7d691f682a9f0a4b4b93d4d518bf2e26679feb70b0af4a3de","Jessica","Davis","85.58"
"315","kimberlybarton@gmail.com","pbkdf2:sha256:260000$ScQDyhL4xcqrNSuE$1c23511d6a8b8037a4b396ffae0077efb1dd0d123cb472631c68e533c28baf3e","Benjamin","Brown","84.17"
"316","flowersmichael@gmail.com","pbkdf2:sha256:260000$zAGP60Gz4ga3k2pU$06db01710152bfb5ee4c8ce2180ad511cacc6e9b5188ba20b0f6ad2b51577697","Christine","Castaneda","83.35"
"317","deansara@hotmail.com","pbkdf2:sha256:260000$lUd68wefwGP36nlb$f146a27e738bd749ff099f763553a172ceec2a9d33b89f26c18791e6dad63e03","Jordan","Williams","74.44"
"318","garciashaun@hotmail.com","pbkdf2:sha256:260000$6a2nLONu5cwazEBw$45ed23cdde4bc2e68af32339e6f1360d8996e8b4c6a3b32df3620b963987effa","Danielle","Hubbard","22.39"
"319","orogers@gmail.com","pbkdf2:sha256:260000$EEfDbQiVhzpgOAC7$1ea321a5170e3762c14580b174fce4b016d1a91cf2f90112f64b4243220d3e7b","Dustin","Duncan","4.53"
"320","jason09@hotmail.com","pbkdf2:sha256:260000$FVunukD9ASNYZAuX$e11521274ac1aa198a12d38da83ac4b0b305cbf19c3149292000a7ad185a94f7","Donna","Campbell","30.57"
"321","kblackburn@yahoo.com","pbkdf2:sha256:260000$bMw5lMv8VW67rAqO$a81c13bba3c3b3b9be277da5f85bdc6c2fe624e814f0183bd8032bb36f9996e5","Tiffany","Nolan","34.54"
"322","ricky62@gmail.com","pbkdf2:sha256:260000$guvqPx1dMmGGszDs$fe564a2f90071ec198c6ddb9047dcb0a12a6d246f80b4e53401da3f2468c7c98","Paula","Brown","69.87"
"323","watkinsheather@gmail.com","pbkdf2:sha256:260000$VRepT1vHEWBEMrl6$542e3da08faf23535251652d964f88450581e248adbf318396f61a276204355d","Tiffany","Bryant","13.12"
"324","alexandra34@yahoo.com","pbkdf2:sha256:260000$RdtSUd43wnnFlshr$0e2d725afebc6432a99b6b7a4fb1ae97e97d906f7bad92a37b717af87fd198cf","Thomas","Garcia","100.97"
"325","andrea36@hotmail.com","pbkdf2:sha256:260000$TXZaSZvDSpQmps8G$1c75d9dbc9a93c2fcfa8c0c2bd913e6075cc3b1ec5f6efdafd54c71227e045cb","Susan","Dominguez","73.79"
"326","grayrebecca@yahoo.com","pbkdf2:sha256:260000$ZtZotiWLzNAex7Pl$87947291fbc70985829b0bd56673852b4f0a780d1079124e5e9dd6c7613b102f","Molly","Hicks","87.27"
"327","sarahpeterson@yahoo.com","pbkdf2:sha256:260000$ppQ9OPQAQe5fOZ1J$14d16867da86b398a24d0fe26e0ca18400b01e5042d871b9bf72b0bbb630526c","Gene","Jones","7.42"
"328","zachary18@gmail.com","pbkdf2:sha256:260000$L8lug12dG91gfWym$0906eef50949339e29c6f96f074be36c70d94784dd4be1916c4643a7ceea12ac","Maria","Reed","55.39"
"329","powens@yahoo.com","pbkdf2:sha256:260000$ZSKHUkvdZI3bsBVc$ef382dda73d41bc11853b71ef22647f601c3dc2303b6ef6c0e11c4b5b31b558f","Vicki","Johnson","11.86"
"330","tyler39@hotmail.com","pbkdf2:sha256:260000$Yot5t3H2w7h2JNJR$e607d509b0dc2afc858b784f9787f3fda459e3ae2ff53e28a46323e35e74ddff","Melissa","Gonzalez","82.00"
"331","tina41@yahoo.com","pbkdf2:sha256:260000$8c5nsWCekKDHY6oQ$9e57c72d6cd9aeb5d9fe300263685523a3538ff18633ed1870af114dfeb1636c","Mr.","MD","16.05"
"332","garzamichael@yahoo.com","pbkdf2:sha256:260000$PSKNppIfGy8RWy4a$bca289e2a36f2a26e0969d2317ea9234ae359ad78c7f6f86ccb9380e59869474","Kendra","Bradley","19.83"
"333","wilkinsontara@gmail.com","pbkdf2:sha256:260000$DP5u6iU460CJugBJ$a6bb7eb0c03f0ee2879bed245fbe431fba2ba4371cc92ee810008b6b8a5d1f90","Amanda","Preston","25.73"
"334","dmartin@hotmail.com","pbkdf2:sha256:260000$AYILD950P32cpTaL$d91d141b15ef3b0f21cdd65958945f496e1ad7ef5cd25e5e075326ec5b9a0284","Cheryl","Steele","68.63"
"335","wmarshall@hotmail.com","pbkdf2:sha256:260000$hOqoacdbfesPSRk5$c2d4c7b73d6a48ed7ba19efd4aa1b05f7ec682c1096eb02281fee99a7978443b","Christina","Jones","50.93"
"336","angelagonzalez@hotmail.com","pbkdf2:sha256:260000$lIdDCihl5Ve0eJtn$1fa79d364c8c771279c018e16dce1ed6b2158942de94fff36b186d354c7bd022","Bradley","Serrano","84.84"
"337","fhill@hotmail.com","pbkdf2:sha256:260000$Ia4vQ6EyIbWkFatF$e3624f13b1bbd3aa10c41196c34042ae992e131bf302e61fd0fbf8f0ba75507b","Jeremy","Green","74.94"
"338","jflores@yahoo.com","pbkdf2:sha256:260000$00UIjU9Xka5TNUD9$65088e93df5947283464a704e90350cbe616374797ab78645dfbe7e7348e8b96","Dalton","Lee","23.71"
"339","marc06@yahoo.com","pbkdf2:sha256:260000$Mw8j6b3VGUCiUSw6$cc71b5babbf2b72180c8bce470c85d336102b3c00afc3ce1dab66510fd905761","Aaron","Ford","92.92"
"340","watsonandrew@yahoo.com","pbkdf2:sha256:260000$yZUU5rzN8gOKlFF9$8619c4366d64d0d99c16124904a30fa02dc3d7f6b2831ca74c03bba0b72c1127","Michael","Chandler","43.86"
"341","icardenas@hotmail.com","pbkdf2:sha256:260000$OMnX0vkBhJTEphXu$9b526d85314d83b9a580d1c2a3be1bb53a667f8b27f0235e603f1d55c79aa130","Jennifer","Payne","66.57"
"342","mjohnson@gmail.com","pbkdf2:sha256:260000$2oT1ZxjtEebXlBmi$7e9e60cbbb7fb8516a89ba7d7ee2ff6916a4d67c15a5a2bf48329d0c585d2ad0","Daniel","Lynch","5.46"
"343","marywallace@gmail.com","pbkdf2:sha256:260000$HkijCyzbqcrPjRyu$05cfd9f358336489fa043fed24f2e6b659d3e0e7caceda8617d8caf3d609a74d","Frank","Morrison","89.77"
"344","charleslewis@gmail.com","pbkdf2:sha256:260000$uTm0ntTrbO74jVfC$a63c3d2c68b100373e28813bb2f6cbd8122a6717b834f32bc129da0d0a09a21e","Laura","Jordan","2.22"
"345","bowmanallison@gmail.com","pbkdf2:sha256:260000$mRLOLGMfbJJ21ORE$0d0ae63607a0cc9099a6c6ec5492706e25962de2f3051b4cf7ab300ad4e3919b","Mr.","III","27.31"
"346","rebeccaking@gmail.com","pbkdf2:sha256:260000$zMv2iV2n4db2fzwT$e37a1b093514d18a60ae22fb7163018f54b3f714529dfbb0ad7b91aaa3af4ae4","Eric","Mitchell","37.03"
"347","patrickcole@gmail.com","pbkdf2:sha256:260000$Y3w04jBeHVxytZxk$541714229dc99583317038c085a4b45e07bce795c4cfb353f299fe1bb88f985b","Michael","Aguilar","80.31"
"348","barrondarrell@gmail.com","pbkdf2:sha256:260000$qnleS3O7OyAecq9M$1d3c5f9c2b5ec8aad41120e6207e5e9d98816547cd35dd647ae4be876c61e042","Diana","Stephenson","50.82"
"349","michaelmartin@hotmail.com","pbkdf2:sha256:260000$YCp1YRXSq1Apeshx$4af7bbaf22761982c140a9d2bf443e560a7bef1ea4de8834c4af8cb42bab66cd","Roger","Schroeder","95.37"
"350","garysmith@yahoo.com","pbkdf2:sha256:260000$69sj7RKuhHKANsWE$da85501f0a578507289e499cdb185e6530300cccfcb5798915132aca2adef184","Joshua","Boyd","14.66"
"351","christyhill@gmail.com","pbkdf2:sha256:260000$ytX2lBAcCx2zvgFV$93bb1522de36fe2a3181eb4d6bc19b51ce81d89b613a0cb286b0d378d994aa73","Emma","Moss","55.51"
"352","davidjohnson@gmail.com","pbkdf2:sha256:260000$1uf9tDoEfwqgrfDW$f92004ea28f5705518516c881dc214ed80b6c46a34cd66c1b6faa01da209862d","Gregg","Jones","90.73"
"353","derekkelley@hotmail.com","pbkdf2:sha256:260000$nj2RNgA4wu4Oby22$fe1234fb7e6d512795e2c9365261a2be51c438eeccf3023937f1548a4713db73","Richard","Wallace","12.79"
"354","elizabeth82@yahoo.com","pbkdf2:sha256:260000$kl6Apw3eUcmURqM6$423538650ea06aaaf9bc176771cbe49aa9ebdafb90866a800c7920d6fc009215","Billy","Williams","22.15"
"355","amanda16@yahoo.com","pbkdf2:sha256:260000$JoMIMMN3WdqsbHje$b80a2f105065e730c56e557bc353228760fd3c9d8403561f2d2fbd54fe16a4a7","Cindy","Holland","83.53"
"356","smithmichael@yahoo.com","pbkdf2:sha256:260000$p7vwHzXvnG6DMtXV$921c30b4aebd63532e591a67a52d16ceb514ad2da5961267e97e60fd60b36c6e","Xavier","Morgan","46.16"
"357","christopher90@yahoo.com","pbkdf2:sha256:260000$C1glCgZifqYGubmd$357dce0e4a82d4a890ad090e2991190651900b4bf1222da532f16919041587d7","David","Fletcher","29.61"
"358","rbailey@yahoo.com","pbkdf2:sha256:260000$ewQtPi8wBIRCvHTu$d7d597985787908a9e5371d1882a45184f5c370743b53d73e1d7b43fae42a2d9","Peter","Campos","87.92"
"359","qschwartz@yahoo.com","pbkdf2:sha256:260000$wGgxyXxl2SJNnFzF$cc99ddbc5719ce02fe6f92c890d3f3bc6e562057f9b24312211acccc777ec6d9","Jerry","Knapp","95.15"
"360","mthompson@gmail.com","pbkdf2:sha256:260000$u57bEXSnDOW1PAvs$3684f72e36832be6f4bc461c0689c28c0b4cded5ab2136b6b06ade9b8c279207","Ashley","Williams","100.99"
"361","hbrown@gmail.com","pbkdf2:sha256:260000$hh8VpVsG6MY4ZZbH$6e1d336b48ab920243a784272cd958da5a735f10c7befcace98db1456653e1db","Julia","Cunningham","66.55"
"362","robert38@yahoo.com","pbkdf2:sha256:260000$xVR20K5vXifyA7BQ$60d93a649368a9d92ce64f72db14f9197897f4562502ec3422e41d36175b6ebe","David","Webb","86.08"
"363","bishopjimmy@hotmail.com","pbkdf2:sha256:260000$Dmdid0EJdUQgW0xe$9743a93eba005d203bf0606e80a89fa665a66faafdd5f55587032da54d9680a4","Raymond","Cross","56.71"
"364","karen67@yahoo.com","pbkdf2:sha256:260000$tDbvpMby5qoD0bZo$f585bb086b9177d8d12b38efc4fdcc2a9892e791b2214e946ab9f90fbfd6adbd","Michelle","Ferguson","41.33"
"365","aclark@gmail.com","pbkdf2:sha256:260000$oAkdKHkj95k8DEdl$579d9bdbf65fec38955fdaecaa7779bfcf5c424053a5222da3e4e36b2b10e8d1","Christopher","Wilkins","18.87"
"366","weavererin@yahoo.com","pbkdf2:sha256:260000$Vrlsmh41WMAKL7j7$627241143838a2b037d206a65eccaeb22eaabe74a7f960383d73798ef3ac41f7","Taylor","Arroyo","4.55"
"367","brandonorr@gmail.com","pbkdf2:sha256:260000$xVvgBrWOhsezQ9cM$ec7c79655f76b728c7674945e8142ebc9c778910260092784dce78259e56e1dd","Jamie","Meadows","57.54"
"368","michaelwiley@gmail.com","pbkdf2:sha256:260000$SIYTnuLWIK6M9ApO$b186b3511a28d53b57bd6a1a4cb3e25636f3ec4fcf3c5ab1d8a1657a58d4704c","Craig","Bell","93.88"
"369","brownandrea@yahoo.com","pbkdf2:sha256:260000$FrzRsFC05EgEdL3J$a016952535b0bc0c4f203f4a8831165236f1ec502a7e11f0df758cb909204cd7","Brian","Ho","85.37"
"370","kathrynmiller@hotmail.com","pbkdf2:sha256:260000$FnKZ2hcgNC8zlMyi$9349af5b1e4cd53e30dec73f6d452fdd41565f7995d339ebbb4fdbc5c3da7ec5","Andrew","Morales","29.21"
"371","marvin77@yahoo.com","pbkdf2:sha256:260000$bo2BVjLz9bN4pLZp$0f3352fcc1775030c25a2254afb3190a97aba7dfda794422d55fcf11012bdee4","Daniel","King","60.66"
"372","ereid@yahoo.com","pbkdf2:sha256:260000$B381YHyVc51OGFi1$3dbe9f8be20ca1d8a13358e824cb0b55011799c29a125829dd49848120a6f265","Daisy","Wilson","12.52"
"373","jasmine18@hotmail.com","pbkdf2:sha256:260000$JIEqn6ok8psYJZzu$6292db00926ebbccedcc98189037535811a46142d72ae2a4e990a57918d7442f","Mr.","DDS","47.90"
"374","garciavanessa@hotmail.com","pbkdf2:sha256:260000$HUJcXXJtg56054dd$7cf8722f3c076e13e07e7ac6a26116f2a6c460ade7698711049cdcee05d1cfc9","Katherine","Cantrell","26.04"
"375","leslie18@hotmail.com","pbkdf2:sha256:260000$bJMzbRqVCAfqYFPn$05cb5922b00b680958a65a6f36565332924599aa474b8c118913bf39c0e481fe","Megan","Little","47.33"
"376","doylejay@gmail.com","pbkdf2:sha256:260000$Tb8E8cXplAPdqZKh$837ef143c941486d0f3086065e093a2dcc821a421a5ab1a64e80f82b8862d538","Kelly","Galloway","63.60"
"377","jessicacherry@hotmail.com","pbkdf2:sha256:260000$RnhyOMfbLuER8r9O$e819d387ae428ec39342de410aa9d30bc1999e5cfd7033c7d66ac24e5a910002","Chloe","Hensley","35.52"
"378","paul13@yahoo.com","pbkdf2:sha256:260000$sqeuIQzCtkT80n18$1cc7ffa5586bed417560d19c49ae1d33abc193669e487fb49117298ceed24444","Anthony","Ellis","88.78"
"379","lconley@hotmail.com","pbkdf2:sha256:260000$7y1tSP7uiAEFO20M$6bff0304bbef451abd9d04ceadc72f1a43dfe8e70a4b728908d3af3c0cc856b9","Donna","Matthews","49.58"
"380","brittany66@gmail.com","pbkdf2:sha256:260000$ZjgTqQKnajAAe60d$1aedfbc175b5451fc44eae3088d78326a14ff614db4fdebfdb211377f5e272fe","Alexis","Brooks","92.34"
"381","christina18@gmail.com","pbkdf2:sha256:260000$RmWq34S5MgVWKquP$37d0018b8946d5e101ceaf4c598f6ecedda14fc6d924a3fce08d25ef54bbde4f","Joseph","Smith","33.54"
"382","jonathan77@gmail.com","pbkdf2:sha256:260000$OblTzYYf2uySchF7$807e22389dfed08e99b3024b2e785a4cda86651f6688463b6990d0a6e3ab9e34","Kathryn","Brown","89.01"
"383","susan32@hotmail.com","pbkdf2:sha256:260000$hQy3KF0x1wD7G6B8$00f604de728fdbad8a22dba2907123526d4c68c9d4f2930a6bca571900d0233c","Jordan","Frank","61.65"
"384","sparksashley@gmail.com","pbkdf2:sha256:260000$iVyuc9W8W0842yXj$b9a3c1efc1193720f8a3dd2b3176c430c0bd038cb82f6163c838f4cc118e0320","William","Arnold","32.63"
"385","cathy64@gmail.com","pbkdf2:sha256:260000$Fuq8mA3e6vMCDbLX$5f25559c76264c4aa321c698f488449a9bde9b4553ad1ec1bf93e90323d2f804","Micheal","Howell","30.08"
"386","brian42@hotmail.com","pbkdf2:sha256:260000$HVqNeXN48zQiAlmS$fa0f4b7f2794c3fb7767729896eedfd1dfd03eb2749ff5697e73b60afab7dceb","Devon","Lester","5.37"
"387","mercerjoshua@yahoo.com","pbkdf2:sha256:260000$Hi2i2OzNaJLdG3U0$dab51aa8d1f47f03e05d04a467b672c833aa8b599b170524c381fff24457bb7c","Jacob","Love","32.87"
"388","tarawallace@gmail.com","pbkdf2:sha256:260000$CGOVgSUgO0D6biv1$87b6f268b1bb8c49d745aae46daee68440948c442e82fbbc991110e368ba7af2","Mr.","Duke","88.37"
"389","grahammichael@yahoo.com","pbkdf2:sha256:260000$r7xCzTHJJUGdvNgy$c58dfb8a2721edfbf1eaa4c46104dcc470767517c0233585e3fd951877d13787","Mark","Fernandez","21.14"
"390","robertbrown@hotmail.com","pbkdf2:sha256:260000$pIg9Dkg1fnm9yHrf$bd5570a9e238dcd981d74f34acd9fd6dbad2e50ed673a7511c768119024a220f","Sarah","Ibarra","15.98"
"391","mmiller@hotmail.com","pbkdf2:sha256:260000$Qmvl4gKVpom3ZbLE$8b2369e5f63088e62cd7d77fe58b0988a9632c147b86a28b564103e423f0fd6f","Ryan","Peters","3.81"
"392","xtran@yahoo.com","pbkdf2:sha256:260000$cAMxaewGPPg8lRRs$31d7d4f9b628e01f950720e2c5b7f73ca79b318d46b249d4ea0c3cf4526bbcb0","Brian","Glover","58.12"
"393","hilllouis@yahoo.com","pbkdf2:sha256:260000$bXBQEGVtmMCttOgI$5ceb66b6ec66b21ca45667a21ee04edeba2f0474ea2a89c26591df2a34527fcc","Christopher","Snyder","15.67"
"394","christopher84@gmail.com","pbkdf2:sha256:260000$cDtnRIicWCF3YPmq$5e7210b8c6cf7f3567170042c4a88e8741ef23b6426f655bd9e661240be73b94","Elizabeth","Ramirez","4.46"
"395","maria12@yahoo.com","pbkdf2:sha256:260000$HcZPiSqF9KSlWIka$1f358da99bddcc7f56671f41ae073ca561aa7d83ae90d245f956744f2a11aaaf","Allison","Mcmillan","50.86"
"396","melissa49@gmail.com","pbkdf2:sha256:260000$pFNanXHgZGe4dqpt$b8821506e8d938b6711fe25a9d9789015178a34730018e4acff636a4daa7d391","Phillip","Thompson","9.88"
"397","jamesthompson@gmail.com","pbkdf2:sha256:260000$GKOv5oF2OmEft7fY$74b8620ec44ca82ce020873cbd240b337c4141b82eb44ec4644990b94fe50e94","Mary","Thompson","26.62"
"398","nhutchinson@gmail.com","pbkdf2:sha256:260000$jxG5OsyJlBpkOcA1$cdf24626766be97ee4a1ff91157866e5a5307db400125c166fcf5a18edd74683","Samantha","King","77.04"
"399","meganevans@hotmail.com","pbkdf2:sha256:260000$Fqbl7DzO7H3t5Fog$5215773edaf62081fbbadec5e2263aedf63e79c9aacd10556463e984a953a115","Joshua","Johnson","20.36"
"400","briananderson@gmail.com","pbkdf2:sha256:260000$Xo5hk7STKy0KNXoD$5907a970dc1aa5166112ad75ca1df2476c9dd54d2bd782ca0a7b03b7416a94a5","Kyle","Poole","77.80"
"401","banderson@yahoo.com","pbkdf2:sha256:260000$xZ5g78R2VBx0Eiuv$fec9a19cdfe305c6e9448d439d91ea4665170ed43c8575a7c1c3e0db2f5723a4","Andrea","Stephenson","63.95"
"402","terri96@hotmail.com","pbkdf2:sha256:260000$CgPXjXpV8jzcRRA5$d949ba469ffe8fc10eb578e021a173a6e489734414059bf9a7c95ad02d600527","Stephen","Lewis","84.09"
"403","sharontaylor@yahoo.com","pbkdf2:sha256:260000$8rPPNPAIUGwE4Q2A$9d60c7b920467f20ea2ec4dc18d87ed6ed69bf3858557a6a63d6d1e28671e605","Eric","Johnson","51.49"
"404","ivelasquez@hotmail.com","pbkdf2:sha256:260000$GuGNM760V2OL7GzQ$b64c0073cb721f1630b62fc29e7d6dc66f562218ef506dfe9b3ffda7df5aa1e5","Michael","Mccall","95.54"
"405","james76@hotmail.com","pbkdf2:sha256:260000$EtbWMtzCiYo5QhuK$2dd0711dacb6db57cb870108147e177e5acca851d127712396e9b1c1ebc7c8d3","Mary","Mckinney","59.28"
"406","xcampos@yahoo.com","pbkdf2:sha256:260000$NB2uLsVJsJGvNUIE$2d5a20741b2a03e0268250fadf74bfdd4e59a9d8c86385a80e7673be09eefaaf","Andrew","Smith","65.66"
"407","shelbykelly@gmail.com","pbkdf2:sha256:260000$sNyqyQm67kQJrPKX$71e33854af34eb6c7e2691b3293a8f91111a7d70f5f85df37eb2e60b3a67311d","Brian","Evans","85.23"
"408","flucas@yahoo.com","pbkdf2:sha256:260000$VLdbM5JZHNFYMMbn$ca498fa54c9626cdb4f374114d57d958ca208754241726a1067c18d8ec5af77e","Courtney","Ford","92.14"
"409","feliciaanderson@yahoo.com","pbkdf2:sha256:260000$AuT0MFHJgjeCCIYV$0387370dc0bce8d6687a026658335e500195b5713a8d22b41987d964257f7830","William","Bailey","53.74"
"410","davidvaughn@gmail.com","pbkdf2:sha256:260000$WjMrCXFOYpmzbvac$214eaa95c7e340d18e0218d91295b6a923928d6cf30536fb9e3f75e7401a344a","Madison","Jordan","65.53"
"411","kayla42@gmail.com","pbkdf2:sha256:260000$1ePx4WsoezcGKI4v$f6a71e1f014fa4693259796dab45f12d83119c92fd60275d99a628dce27d216e","Tanner","Santos","84.75"
"412","daniel02@yahoo.com","pbkdf2:sha256:260000$3HGu4C50DPrQhuh5$c66d26bcb8f2a3b875819df15403e099821064e501feb9f66c853f00a7af4c9f","Brian","Anderson","64.65"
"413","jwalker@gmail.com","pbkdf2:sha256:260000$CFkhVPFqaOvKZ96y$019e33ff3438861748db2575caadb035fa3d7457269aeff3ce48bd5a04b92272","Ms.","Hart","38.56"
"414","hillkevin@hotmail.com","pbkdf2:sha256:260000$swsD1Y8LG8Ml4QQj$1ab346e860cb94af7f37762382232b56798b0807a2385a98e64433be46ceb88c","Megan","Mcbride","73.09"
"415","hectorfisher@gmail.com","pbkdf2:sha256:260000$dupkmzVzdlUaFWUy$9301792e6b55f6d6bea6839f235a0acc45b979d7712d9790332d0441dd953ab6","Yesenia","Cherry","68.05"
"416","imcintosh@hotmail.com","pbkdf2:sha256:260000$Emu8d1Jg43pzgwtI$f1de034e45f12cd310a4d8f9e2a5232e75a58578185d82d4fbb695db73a7c94e","Jessica","Howard","32.50"
"417","timothy62@gmail.com","pbkdf2:sha256:260000$tWSJoIV27bqD3tth$f4eea6b1e23f0cd657295e94811779d010ea18edcf27e616570574a28870de12","Alicia","Mcdonald","57.16"
"418","mcfarlandnorma@hotmail.com","pbkdf2:sha256:260000$Cip2oorZn98jB2VC$9544b6b2c322d8cbc999077c84a904e91c3e73dbe09ac9b4ce2c7b8ef99ef9c6","Christina","Robinson","44.64"
"419","drakephilip@yahoo.com","pbkdf2:sha256:260000$w2cpFxuTBtKOr9b5$cff4feb0234566f43ce44ef8e01a2f0d5172a73be170c9fd28acff1eb98dd804","Kathryn","Malone","9.48"
"420","elizabeth21@gmail.com","pbkdf2:sha256:260000$ciM710PloAjBcCre$8b4e391e67f46bbea55ffa65d5cab25ce5616c2a9ba87d5b98b093d12939ee88","Donald","Mckay","86.39"
"421","gcase@hotmail.com","pbkdf2:sha256:260000$JYitoaxrD5kOGazS$89929c5b115040df97fb16af4a612d2c58451d305427bebeb35e0defbd90ef2c","John","Moreno","24.90"
"422","kimberly78@gmail.com","pbkdf2:sha256:260000$fOt6VQJs1Eh9verT$c7f7dc250e37c1cf680cd4981302d6d2896767412a5a9fb59c3f830a35428894","Ann","Golden","72.09"
"423","xjones@hotmail.com","pbkdf2:sha256:260000$AELKGB4Ql8DvQViX$0ba4a2d7f2c482133878cb96219a54012381a162784eab670c5169b99c5ffead","Candace","Williams","30.39"
"424","tmartinez@gmail.com","pbkdf2:sha256:260000$ZFkqv9XkgdPzmMrG$ac981eb4272ab6cc1a8b2a9cee73e399cea0376879e94bcbb88364a02090c8b2","Robert","Gentry","13.63"
"425","christopherclark@hotmail.com","pbkdf2:sha256:260000$xIowb9ykFXCXhWQ7$d26d5ec1d26028d544e1021f745a001e7e1c110daad18aa02933bb60667e71ac","Jeffrey","Burns","23.05"
"426","karen72@hotmail.com","pbkdf2:sha256:260000$Row5t6l4I6QT2D2x$efe07d0684bf8996fd9b281a4449b8a2ecfe2509161d2eb97ae19ca0f20b55f2","Denise","Foster","96.66"
"427","robertjohnson@hotmail.com","pbkdf2:sha256:260000$gIVvnAtNt9iCrHCy$6114f556dba8c8dd99dd2d454f2e1244c416270392e0e9a318e9980b3bee539e","Robert","Caldwell","72.82"
"428","jeff72@yahoo.com","pbkdf2:sha256:260000$9oweQEF9ftMdb0SA$1dca6d82a0d78cc492f6746a5bfbecfa2d8a8cddea668b58932028f20c0d2fba","Alvin","Bell","40.83"
"429","kirbyveronica@hotmail.com","pbkdf2:sha256:260000$iT6RRZAkRfQaRjFe$296261e452de01bf0179e7e415a5e7a36eb70e39c5f5929b9f43d7975f81fe37","Paul","Martinez","88.86"
"430","qmontgomery@hotmail.com","pbkdf2:sha256:260000$4ZHu2Nsnaa6sMffF$17741375f9b61e070966d5077a490d91cf7026f364025d0782867b8822344f19","Rhonda","Hernandez","1.85"
"431","sheena83@yahoo.com","pbkdf2:sha256:260000$CQ8kryyFil01Um0k$5d6b5c4ba9e9e5dd397b9a0861dd1d9a9fe651736dc3b9d91db8cda15a5d2281","Melissa","Campbell","57.39"
"432","bperez@gmail.com","pbkdf2:sha256:260000$0yn6WE2XOhTwGLxe$b57f578d1fb64b0d5dacb093c46b4225dcff14b0d2eb95cfd6ba7357993db96e","Kevin","Robinson","26.82"
"433","justin42@yahoo.com","pbkdf2:sha256:260000$OxSc6oppfZrTyrKE$19003e5fb6c3e13dad716ff19a5555f6f246ba597c10c50f56d7d2fd16648e32","Jeremiah","Tran","62.71"
"434","brucejohnson@hotmail.com","pbkdf2:sha256:260000$ByRzi5i9a4BiZ9Q5$c80fa4a7e8b8a2963543b47d8e67ee2ea35b286a494a66087a10a70d7630860c","John","Mendoza","77.90"
"435","roberttucker@gmail.com","pbkdf2:sha256:260000$kiZY9sh6AqvobLr8$09474127ba556e3c1abfbdbb97c5ff10d77434a9ecdccda3eb9e6f972fe5e4ba","Michael","Perry","78.73"
"436","carolinecooley@gmail.com","pbkdf2:sha256:260000$UlphB3xQgPqLBikj$9ea16964c4e9af36a95e3ad095632e13f3b0cb624c14a654b58e6ff08d890ebe","Cindy","Vaughn","68.26"
"437","thomasdavis@gmail.com","pbkdf2:sha256:260000$KvsB9Q7Y5AI2MQkb$a25b3c324a9a26b1fe71fac2ce81537f128c994582c32c0738897b9f61cd8971","Johnny","Gould","58.67"
"438","holly87@gmail.com","pbkdf2:sha256:260000$459oyq0OhT4GozQp$13254039fe6965f7b5f111d20e74f3ac29cca2e44b4aea312216cb9ab7ceb172","Dawn","MD","35.67"
"439","william02@hotmail.com","pbkdf2:sha256:260000$gTqckfUybTAqBFhb$2db940a0c20224ad31df165bea09a07cc7cb957baad232ec7683d1cf987e2b37","Connor","Cook","38.54"
"440","richardbaird@hotmail.com","pbkdf2:sha256:260000$QKUjNyC12RLqbigJ$5460d2967a06d32ccb464be19dcdd6609a5ffa64f523dc425239b403f1b19b50","Randall","Johnson","38.06"
"441","rrich@hotmail.com","pbkdf2:sha256:260000$NkGUj0yuMh17ZFdn$ca9db9a5f87522645ebcdb3bd87ed8ad4ffa5aec8b99d15a5a6eeb2cac0d717a","Nicole","Dickerson","96.61"
"442","kgarner@hotmail.com","pbkdf2:sha256:260000$Bmq7aC4lb9w5EA3o$a748670b94cfd8afb56c7b19cb3042a2b202e096391d56b4dd9941e112e52fec","Jacqueline","Davis","48.75"
"443","jennifermonroe@yahoo.com","pbkdf2:sha256:260000$tWepbrFy64Ie8nkG$670038bfa0d81f80469570d2e6020b5a0880fac54c742be6d8d50619f43b3b95","Jennifer","Estrada","45.98"
"444","elizabethbrady@yahoo.com","pbkdf2:sha256:260000$upJobkd23qkBQLtv$a99fdb2a0c132dceb2c229ed5a4c2ed2ebdd2729ee7400cd7a0ec9f2b301168d","Rhonda","Sutton","26.41"
"445","zho@hotmail.com","pbkdf2:sha256:260000$7DRTDXYWKA1doIDL$9e569c728025f82f8554d3cd425883d660a45d7bd93e13d7a343c6ebc23060c6","Brittney","Castillo","26.92"
"446","bowenlori@hotmail.com","pbkdf2:sha256:260000$WmwRsDFnNKxg3j2g$f3e12a0f4ac248405e835ff958bfb6f7ba9171b524afba6e12e8029dd054317d","Erica","King","13.00"
"447","john64@gmail.com","pbkdf2:sha256:260000$nQxfEHj9xKOBJZkT$a00137e3e83e903a6c68f5808ab2d55255898f259c0a0e093ce864bacb09b820","John","Frank","51.94"
"448","rsmith@yahoo.com","pbkdf2:sha256:260000$Q7aESQrRAYyUL300$13e5079bf5b60215447a658d750d4dcdaeab9350b4c1d955adf3b8a46421dc4f","Miguel","Soto","25.18"
"449","zarellano@gmail.com","pbkdf2:sha256:260000$FIMbyci0A8ARDzwI$5db653647423ef1f4156a1fb106b9f58a043477b73bd66d668069d65a3250a9c","Diane","Brady","40.31"
"450","ryangibson@gmail.com","pbkdf2:sha256:260000$YWx0gTJUZh6KJEng$112d94a04fe42b4a06a41f8b898a879b8c289a827030b08cfc4f5420a0eec58d","Russell","Carroll","73.52"
"451","marissa94@hotmail.com","pbkdf2:sha256:260000$TE0Is9azXsoROvYx$95b2901b6956009e4772d4c83a0c90d46bfac363697e456b2fd404cd5fd68997","James","Foley","46.12"
"452","rpage@gmail.com","pbkdf2:sha256:260000$r7BAkkRaP1Er3F8i$a6668f8171ec0184318517de0a6bf22e11d0165efbce5b2f744aade5cc2f5691","Michael","Johnson","67.79"
"453","christopherdaniels@gmail.com","pbkdf2:sha256:260000$aaUdylSDULIbBvWM$a2f790427048f212721073cfdaa252e3a836cba63998d93a22372a45b4dbc2d3","Krista","Burnett","13.78"
"454","elliskaitlin@yahoo.com","pbkdf2:sha256:260000$R1LIQv1h93C7Aobs$4358ad4dbc37204f35c4c87100295902aca0b337930d3d1b58318c152de6be59","Amanda","Burnett","5.45"
"455","dawncooke@gmail.com","pbkdf2:sha256:260000$z1g93frmvWI0IOld$efc85f92c0708cd1a184ee1c78f1c19d72a8dd11115fb8853b04f71656e453ff","Rebecca","Jones","79.51"
"456","christopher17@yahoo.com","pbkdf2:sha256:260000$Lle22qN6OWedvktK$bcd8aee6442cb53340a25fb9e964e9fd3c2d297a906d26856979a5caf8dd7de6","William","Brady","25.80"
"457","michaelmurphy@hotmail.com","pbkdf2:sha256:260000$7cWPWdtL1iKoL8Jt$025516b9e084e252a7dedd4bf5a39a0c210e3aae8e95d38ab2e4324d26bbfaa2","Carla","Moyer","80.43"
"458","ecook@gmail.com","pbkdf2:sha256:260000$7NufI4L2yK8QKMcg$d3f3f9bfe72ad93ffbdf91f040bc8fdce7e94efcefafa4fe93fdc2e91eda9925","Michael","Ray","40.22"
"459","peterpeters@yahoo.com","pbkdf2:sha256:260000$TuOwHE8niLnxxcm7$c75de37046848615d3b793449cc6e184aa74697111fde786a517c2593fc4d6de","Shawn","Kennedy","12.72"
"460","kempjennifer@hotmail.com","pbkdf2:sha256:260000$ejr2MPWD7jit0Li5$749c66e891fcf58a7cbd80524be5b1cc333a507c4228b39f558b0417d8188917","Roy","Klein","66.74"
"461","morsemary@gmail.com","pbkdf2:sha256:260000$Q3nGgnnh00l845NU$950644fed57d7052904ce5369386680d1057ac68388689d0956aaa3fed48be6e","Justin","Le","32.81"
"462","summer35@gmail.com","pbkdf2:sha256:260000$QKW8fWWAmDvsaaUa$f27e97f733058be9b306384e591672911b10be203a12641ec31f140ca4436f27","Max","Kelley","36.19"
"463","erinstevens@gmail.com","pbkdf2:sha256:260000$J3C8zNxPqCmq5izX$3a095961f1814cb609fc0bfe6103fbc67dc68cc76030ab8965a0023b6c5dfbfa","Melissa","Schultz","65.68"
"464","ronaldwarren@gmail.com","pbkdf2:sha256:260000$P3mdsSArkp7oYoio$147091a6087246112521c11fe1f370312f567aaf77464009230113492e526500","Robert","Fleming","41.44"
"465","taylorrobert@yahoo.com","pbkdf2:sha256:260000$iaDq8dsvdoR5prGU$f956d9786c92f6e5bcfb47b12a183957f0f7712355beb73d3fa788c7f4c03914","George","Daniels","41.07"
"466","kimberlypeterson@yahoo.com","pbkdf2:sha256:260000$RULxGFu3eyalmA4W$229fecfc1da7ad59346da77e23027d9990add2fd0efc8492d6d3ea2ba894d9fa","Stephanie","Lopez","79.25"
"467","joseph32@hotmail.com","pbkdf2:sha256:260000$DgGPu8NULIWtwd6M$c6cec7d669ef5078f6ac728edd7428c114167550aaea46ab9cf9cd9eebdcfa2f","Becky","Williams","49.37"
"468","kelli68@yahoo.com","pbkdf2:sha256:260000$tRRJuy26cdQvF8VA$6b64e1f52494477e70652d7842ef4af68322a5cafa3f21d119e12eb49ded7e71","Kathy","Brown","85.83"
"469","stacey37@yahoo.com","pbkdf2:sha256:260000$ApCYFdnw4xezId9r$6aba24cd1200030aec8a7961527b6c63cbdb13c83bacf5c9623eb91e99d7cd05","David","Grimes","24.98"
"470","aaron83@gmail.com","pbkdf2:sha256:260000$HEqDF2JUQfqU9JJd$1e4316afe4b47c69ed0854f9e601deaa3e548b8a23b4ea5749f04bdad34611d8","Richard","Stevens","0.37"
"471","smithstacy@hotmail.com","pbkdf2:sha256:260000$mDzsKoOg7yBMjydi$19ea84551361e086b396a6998da365999fadefe7c2fa0bc68905ca6814524a0d","Cassandra","Foster","47.72"
"472","hernandezthomas@gmail.com","pbkdf2:sha256:260000$5Xdrf4wODp4eIsCv$e051992a9afbe14d8df594290e7d9ae91a79a7a039ea3abfb2982e0a8901bdff","Teresa","Parker","3.73"
"473","donald30@yahoo.com","pbkdf2:sha256:260000$CigKNXuKFyrkkiUr$1a8e30ee1f5dbbe46bc2886009020530534bd53f81358f675a1e07232c56e73c","Amanda","Young","61.98"
"474","rushgregory@hotmail.com","pbkdf2:sha256:260000$KPcOhn60SFv8Ku8j$8ce5d5f5b12939187f51dbf1bc43d9d0998532c6af099dfe629173827aef9c55","Jose","Adams","6.97"
"475","dlopez@gmail.com","pbkdf2:sha256:260000$ANuF2hkJZFOOOtrR$ab118d35c23796daed554f6ab0fa1e28e280ab2a61ca2d724ab4860c1122d3e2","Dana","Park","11.19"
"476","swilliams@gmail.com","pbkdf2:sha256:260000$nCsTYRnMFVqjcvYR$a8178d71c7635ad4723466559476353e8a3ccbd3a756e9f391472ff566789e76","Vincent","Russell","82.66"
"477","paulbryant@gmail.com","pbkdf2:sha256:260000$shxYqYkq8SvKQxcx$1a58c49a4928fbbb4c953b4db561e6bfc9a01be48e0c6eabe09e95b7a482d5af","Theresa","Brennan","55.92"
"478","mkim@gmail.com","pbkdf2:sha256:260000$WdzglSD4FKeC40iD$454236b28f0e082a16e18881623de2df725d1571ba706f43f132de1c47ae5527","Heather","Valenzuela","58.93"
"479","phamaaron@hotmail.com","pbkdf2:sha256:260000$2ifi9Eguj6wHSZO0$b2461cebae53ca02ecfa1feb7353c79b394bc754d39138d56e4d2331c9296e11","Alicia","Obrien","83.15"
"480","lowejay@yahoo.com","pbkdf2:sha256:260000$PSSxTD3m7purfLvU$c7c6a3dcb016fb48e2659b95733c006da17ca953c86c856427aa420737071daa","Andrew","Larson","7.69"
"481","erikchapman@gmail.com","pbkdf2:sha256:260000$cgXHlrrUpE2dwEwl$115c336c96d81eb03cbaee7c3ee33cdb0db346290802a198e88c26ad0e9c7d8b","John","Stone","41.21"
"482","amber50@hotmail.com","pbkdf2:sha256:260000$0MD6OJWxkZYZHt9k$db84375886cf44069129caf9d5853d1a43f0a23785381950d632346f06351fe2","Fred","Murphy","43.66"
"483","jenniferking@yahoo.com","pbkdf2:sha256:260000$boDBpasxJmJufVl6$e9e793080b80f1ffb6b1e8034ff303466c7bfed6500e6b5c0d1bc63bb69d5450","Nicholas","Good","2.17"
"484","rachel66@gmail.com","pbkdf2:sha256:260000$aE8Z1tyBIABYFquN$b7b0ee0c4143c925b25c147f08efa754b1aad500fda6a86a6b7e1ab5ba43454c","Amber","Smith","88.91"
"485","carla47@yahoo.com","pbkdf2:sha256:260000$ZpQLQZP92Za6fTP0$9ca24034c18650682031f326069b9b1544a2c70e7dfcdf2847aac984b807f4d7","Helen","Garcia","73.89"
"486","zdavis@gmail.com","pbkdf2:sha256:260000$OSkYxjyzv7B80tBk$e8eaa72014e1871d43e397cfe7707e76686b9a61c715bf77bf08f47f39620521","Deborah","Smith","92.71"
"487","williamsmelissa@hotmail.com","pbkdf2:sha256:260000$md9rUvhYDsUWq8Dx$e73c9027cbc7e680f0bab4d2f47032c496a5a3349b8dc27a73c3adbda1405bf3","Paul","Snyder","71.88"
"488","renglish@yahoo.com","pbkdf2:sha256:260000$RjdEQSND9T1HVAVi$77a387f4abd09ac31426d1171a68827afebfe684c42b49e826063e66245b7f36","Natalie","Acosta","30.20"
"489","alexwatson@gmail.com","pbkdf2:sha256:260000$kGS9mc2Y2IbEWcM4$93fa86494a9717096b9b100dea87d2b405a35ab6a71b1ef3b8e5b8b0b6759a92","Jill","Baker","81.64"
"490","khernandez@hotmail.com","pbkdf2:sha256:260000$sg9f1yosYnSP5RT4$06b0bc535a8511efa3d778adcdedb3a398662c443fa325cd1043cf0ad517b8e3","Daniel","Lowery","15.13"
"491","adamsshane@yahoo.com","pbkdf2:sha256:260000$bNI36JMTkCg6XkXL$78f53251597425eb1e1c0ab9c8e09b316f46d0ab7fa6c9b6c89e9c95e2077a7e","Ariel","Winters","12.89"
"492","orozcoderek@gmail.com","pbkdf2:sha256:260000$4Rf7imypvY7FGzkS$2ee1ffd6bcfc28b7bb28ff1288b874f922eff41652242d840cacd6ac0c16061b","Jennifer","Jackson","12.94"
"493","rroach@hotmail.com","pbkdf2:sha256:260000$ntS1J51ziLcG4CAQ$bac995b1e704b13fc333fd56f94ed502a14d94cac63b9751f84a790676cc5e69","Clayton","Fleming","91.12"
"494","dmiller@gmail.com","pbkdf2:sha256:260000$ElMOyVDIHiFaK1Mt$7dc7932132112732ce19c150684d42006fe34df837dd51b655fed4567abdd546","Scott","Nguyen","34.40"
"495","jessicasalazar@hotmail.com","pbkdf2:sha256:260000$VQEkpkFactl38H96$5aca75a538d5dce96a17511fa2fe2a8a5e295c3115ad34e3073088376facfc6e","Charles","Brown","18.45"
"496","john80@hotmail.com","pbkdf2:sha256:260000$FIBnBNMKlsj4fULc$4a885e84b2a4bea81cebaffb46a519e002e0f76ac2371939cf5a6ceb1c74583b","Emily","Thomas","56.63"
"497","nhowell@hotmail.com","pbkdf2:sha256:260000$R3qwyONsti3MScrs$1d67764988710dfcb89257a37d3df892e0111cfce30e0a5a60faa071b9b8ce60","Kelly","Meyer","71.06"
"498","vlee@hotmail.com","pbkdf2:sha256:260000$CQyA2f9GBcjAODVN$3f05a2f875a4f51ec6b02e2f74adce6d627db7b0d46b69e40b1b1068812672d7","Jaime","Lee","98.92"
"499","wray@yahoo.com","pbkdf2:sha256:260000$cdl4M0iOd0lCIVIM$c7aa2fee30b192207dff29220fedefc1d0501719c26d227d32baeeb09dcc0190","Brandon","Keller","3.14"
"500","johnsonstephanie@gmail.com","pbkdf2:sha256:260000$lYZP8qCfFkfDB0lU$4f381da444a09c5a9fe9a890478d3025fdd9c26599864df347c31e722ab6dd70","Lindsay","Hamilton","40.48"
"501","perkinsmegan@gmail.com","pbkdf2:sha256:260000$YJKQEdyOzubr6Ney$1c214a7b1b3eaa703802c38ce6836793655e25e1d3dfcb8a03fbf4cfbf6972c8","Jacob","Diaz","15.56"
"502","lozanomallory@gmail.com","pbkdf2:sha256:260000$A4jkhqNQ8UsRIVsD$5d87a71a9e91bb6cff9f69f69b17097258dc5c95032b5ecc0bb2269d65016e46","Latasha","Powers","95.36"
"503","fmills@gmail.com","pbkdf2:sha256:260000$FzC5MO9xRgJIr7Xb$f9c62c7e63d3003f9a8097c5576708bf00b4bd9197fd9cee3a73f98b6014755a","Joseph","Brooks","76.09"
"504","teresa26@yahoo.com","pbkdf2:sha256:260000$oQ2Tfb42M1FR0dSp$4955319689961931207ed3b270cb8d2853c753703cacce11e2decad69984e3d1","Leslie","Taylor","17.60"
"505","samuelanderson@hotmail.com","pbkdf2:sha256:260000$DeUdjYfo4N9xUJAc$8a578638b29282d64c918f35f414127a4a0872a406d763d6219af25bada777af","William","Barnes","3.24"
"506","hardingtracy@yahoo.com","pbkdf2:sha256:260000$aWJeMvM2BzrM0ZNp$507a3c3728e89e3f4dda1b3a4dac3c46c8537731ab5f1e6d8585a34912b389b4","Eric","Mack","36.88"
"507","vrussell@hotmail.com","pbkdf2:sha256:260000$V8Nmz66J8UDmsjqO$86b5d69f31ad2f76f9965311c4dceef4753220ca1204c41e85a5d2085566b064","Cynthia","Avila","0.75"
"508","gary56@gmail.com","pbkdf2:sha256:260000$bTXnmJSu9Wakwjve$eb3c54f2205ddda691bda478bc00123694f917ce46b6c1e86990294bc9e0545a","Daniel","Vaughn","53.82"
"509","zacharypacheco@yahoo.com","pbkdf2:sha256:260000$cCvwZVWFqkKzGQ9K$5adbb842bb38151cbe22546fca45d857a403e2d7931ab305b215cc07ab79dd9a","Vanessa","Norman","28.52"
"510","harold60@gmail.com","pbkdf2:sha256:260000$zuyYZHH9F5MAHPkX$af18cb96bc3853f21284b4ecdbeae17d53292acb482da5454948d44c3c5fe401","James","Brown","79.24"
"511","johnwhite@gmail.com","pbkdf2:sha256:260000$6V2az1qvsdrHXZPz$141739617ec3b40bc71f5408e411e9c39e0671c3c13674d6aa49330f8ab4d316","Antonio","Owen","51.70"
"512","burkelynn@yahoo.com","pbkdf2:sha256:260000$0HDwzX1Q6iQwiaPA$eca6bae31a7e73974c838b9e8fd624be2ef531601cdf909007ac14527eac4708","Rhonda","Avery","3.04"
"513","snowkevin@yahoo.com","pbkdf2:sha256:260000$KavtlLsGj3jQ4Q2o$d5d8155486b81cf12fd9e187e3b25032218442e958216c4a99c16f565d2a5f6a","Pamela","Frazier","81.58"
"514","wellsstephanie@gmail.com","pbkdf2:sha256:260000$an8kZGOYI2vj3Gxi$55ef709ca5f8d8bbd37970aa200ef5562913fd5fd757008ed648eadc0045b6af","Tammy","Herrera","99.12"
"515","zgarcia@yahoo.com","pbkdf2:sha256:260000$ftT58ZwGayhS5OAJ$1a867cfc57ea7b630d260a6342ef5bde2f0b1df69060191fa729f558b581f07f","Hannah","Miller","12.18"
"516","gfarrell@gmail.com","pbkdf2:sha256:260000$pPbEw017BMTwQwLK$6c919d51ac41c9f4089e9db17aa2ade99c73b3a854ac776b9d784a289b6b7d69","Tamara","Woods","29.26"
"517","maria42@yahoo.com","pbkdf2:sha256:260000$DOsH6U0i3aaR43HG$7946bf5d10ef52cee460ad49208e6bed536c953a6e95f994fa3d5d1cef971f1a","Allison","Barrett","93.07"
"518","elizabeth22@gmail.com","pbkdf2:sha256:260000$GX2vELlveJM5VjwE$4ae5ebc9341dd6414be5da80721c1b2ca30ba69aeb905c72b41d8dfcc7235905","Brad","King","69.31"
"519","malonejesse@gmail.com","pbkdf2:sha256:260000$ElcGtvj0614JAmya$c6a2f09f1a7fe242d2bcdd25a31b244c9cd65941b2f9764efe7ff04195995419","Michelle","Bowen","0.66"
"520","michael22@yahoo.com","pbkdf2:sha256:260000$K9DakXC5UT4MAJ3r$dc043c10916008c72fc6e7a6a53d874e87f32781e052dcdf61f30414319d2f1a","Christopher","Williams","66.71"
"521","tammydavis@hotmail.com","pbkdf2:sha256:260000$iCgc1Y1iq0LsDTkL$0de11f8569c9d5c27cd389ae0bd4891aa2217e6034376dc4f091361757b2ec6b","Andrea","Brown","38.77"
"522","mistycombs@gmail.com","pbkdf2:sha256:260000$Y5eQ5Vn3wD2sc69t$2b780fe0c789956795938acb8edf6c0f5e02f5c5342b7f39d52e9782f26d70ca","Anthony","Barnes","91.33"
"523","ilynch@gmail.com","pbkdf2:sha256:260000$tBKHNQytDF61GuAg$855959ff8a2d4836eabe73b06fabd70f79b3a5ea546e1f2eddd95377dae463ad","Jessica","Haynes","6.91"
"524","latoya81@hotmail.com","pbkdf2:sha256:260000$iiveaCS2hHZoOqbP$0007e9667c2b26a19052d8c47d37676f9eff2efce9729cd203c0c4f4c845f939","Natasha","Williams","7.15"
"525","stevenvalentine@gmail.com","pbkdf2:sha256:260000$f7oP1kkLngobYDiu$6f1291fbc2fe8191271afaf6423315dd2d8acb89217085b7dd0407b6b88c2e78","Tyler","Moore","20.90"
"526","wendywilson@gmail.com","pbkdf2:sha256:260000$avV5l8fHwjgQQ5WM$3ceb44057fcfb2cc72a495d4478b919739c3018afd07a2d6832c73da989d4c24","Edward","Harvey","7.76"
"527","ashleywoodard@gmail.com","pbkdf2:sha256:260000$ZndH3h0FhaiuRV1u$49f6f10bc5942046c175ba2d5124ceed34547da733fb891349ab751b364a3c3f","Sara","Cain","26.49"
"528","mackchris@hotmail.com","pbkdf2:sha256:260000$T9Rfg4XjsP0zlQCL$43b171d668d3691b8057e36dde1aea96fe7150f299b585dd3d552ee55bb368c7","Jessica","Rogers","5.36"
"529","emilybarker@gmail.com","pbkdf2:sha256:260000$uKGIYeQqSVJ35xQA$ef93f060f073871b67abd66766d57412f38f0db2cc416f636c33d765fbbc82bc","Andrea","Walton","10.31"
"530","munozheather@yahoo.com","pbkdf2:sha256:260000$brPJYPmgOPMfarV6$656982b87595dc3ead3156452091721ee5bb13d283154232a2cadc9b2dfa27ba","Cory","Byrd","52.41"
"531","ypalmer@gmail.com","pbkdf2:sha256:260000$aebWL0ZFIIypvPwi$d03bfd9fd89574e9c03a0dc273f25df35630453c973f98758621835f0edde1d9","Karen","Daniel","55.80"
"532","fcasey@yahoo.com","pbkdf2:sha256:260000$xwT8fugEUgN9RUEj$61e874be32a46c2a16cbae37d842e9d2e2bc11db0fa0d96252f5026f80b78a53","Michele","Collins","26.44"
"533","martinallen@hotmail.com","pbkdf2:sha256:260000$Ap6PhygKHObyfZEC$f40e34fe5e8980756eba90a225f02b3eb508a21b2f711b6ac3de748f4b4da098","Kimberly","Kirk","53.96"
"534","james81@yahoo.com","pbkdf2:sha256:260000$7Me375byL5hgxWFd$85fe61dde2a2025e5e64a45e610a25c8a4cbedbfed98deea2e6505fe6d2d1ef7","Mark","Harris","50.48"
"535","jross@gmail.com","pbkdf2:sha256:260000$7rby42zTqERym4Ee$cd9e4e9eaba17e44a22179313f650ed8681f6f75cce094ac242a8895eb5020df","Jason","Johnson","40.04"
"536","laurarivas@gmail.com","pbkdf2:sha256:260000$ANqekZAOe1xCjApf$16a74ac8066fba2f4cf31845c0085df0f2ada82103dfdd8f3db408dbb0736edd","David","Garza","55.02"
"537","vmiranda@gmail.com","pbkdf2:sha256:260000$ABhjs4dPVCMrgTUq$2a14a111119e226f1b2ebbb3961dfb35de6f8fc9d38abd9f80605f26a187910d","Robert","Evans","80.23"
"538","gregoryhernandez@yahoo.com","pbkdf2:sha256:260000$wZQVU5neHzLnTO4d$a8804e64daa0066fc24d28a7dac168d03bf288029b3251ec61e2c84f5dd6fa89","Julie","Fletcher","71.93"
"539","vrogers@hotmail.com","pbkdf2:sha256:260000$7bqkU1kIwd5LeuX7$11f2bd560c2a27694d497714def643402d97ffc2452712b5c1a93f2353bd5b19","Anne","Shields","77.64"
"540","smithkatherine@hotmail.com","pbkdf2:sha256:260000$FCc0dHpmkBnBLynT$18ed08659b5f2293902e795bbeab1920b8079e6511e768679ca27e276d7a6931","Ronald","Smith","10.47"
"541","elizabethjensen@yahoo.com","pbkdf2:sha256:260000$Jsiwe85VsIowzjdf$779646801f6047c0e212dded7ee0672eb0169c540420ffb6780a2cbda3798ac6","Robin","Baker","46.59"
"542","ashleymonroe@gmail.com","pbkdf2:sha256:260000$6jhZktcvDiOj21aR$aa472e1d8fb18aca8e592ec83262f879b835e4fcd4cbb69be58f18155a9251c0","Desiree","Kent","23.46"
"543","lcook@hotmail.com","pbkdf2:sha256:260000$Kqqt1X05OtYP8uMI$eb211db57c8500b1c982093fd5290f7cde463800ab0fd94ed79f7639db57ae6d","Erik","Ross","5.83"
"544","steven35@hotmail.com","pbkdf2:sha256:260000$sPtbcxMZ0vBbzsam$5b7c4047bfd0d59225d06eb0369bff2db787e3c3dbbc18d4630705c4d1bd9608","Matthew","Luna","51.93"
"545","hedwards@yahoo.com","pbkdf2:sha256:260000$eD1mvCx4304Lw2ZR$0f9c651ac2f2be5606fe6d0b67d06bffa0ade4d35b1c03155c42b5441fa291bd","Melissa","Peterson","34.17"
"546","daniellemcgrath@yahoo.com","pbkdf2:sha256:260000$TrwNy5aXw2zC59Jp$fb932b19636cac5877b299f7ba7dfcab0ceac4ded1b3a3445a9cf1a2dc74c58e","Mark","Richards","24.69"
"547","ameyer@gmail.com","pbkdf2:sha256:260000$lAJwIydIyyUzbKuh$d3130dafc8ac43b2ede721555e16f1f2f1e3e25f4dd6caaf01a5dea9eda990d0","Mario","Melendez","53.27"
"548","njones@yahoo.com","pbkdf2:sha256:260000$hocZUlBAIaYcbMxg$4033ac87af8f253c993806d5a29c09f95b1245e1df3f15182b46c1a7cca598d6","Cristian","Taylor","0.53"
"549","wintersregina@hotmail.com","pbkdf2:sha256:260000$MslmcABXuK9sdpe0$ec1287593244be0d4e28e57747331b8f9b1662774914032d01afd54df0cc2dfd","Brett","Brewer","96.23"
