"0","test@gmail.com","pbkdf2:sha256:260000$vjkcycAXBGltAKS0$6ddf20a0edd68443661dd21d91411e0cd0759a747da79558a8be56dd41d77d81","Joey","Shmoey"
"1","tac69@duke.edu","pbkdf2:sha256:260000$lC0F3PHrCjIZGfl1$0d360402095d987cb1d1cb808bdc818a706073d0169a37e1598b0b59cca3a213","Thomas","Colicchio"
"2","dhp14@duke.edu","pbkdf2:sha256:260000$SPB1LElPaezTH5sF$076155399da67b4c7c5541520403e4746ee2f4788ddaad9bcce268eb99bdd930","Dylan","Paul"
"3","cg@duke.edu","pbkdf2:sha256:260000$BuQVTPfXDS0OFW4z$0c5c0b5bfbe27cddb6a23b4d5791bba2c9db3abff301e93c1204e81de9b5534d","Christian","Garvin"
"4","ig@duke.edu","pbkdf2:sha256:260000$yqA6HqBaNz8mhp4I$2d36d24aa75db55e48b5a61cb2888f4d7c11792e380e1f8f332565a59abcd5d3","Isabella","Geraci"
"5","am@duke.edu","pbkdf2:sha256:260000$YtqVAixGyvQQne4R$2057414c37fb06ebe54f548f3b2038c1e1f94930bf609707cb229c50b0d89322","Alex","Medow"
"6","georgedavid@yahoo.com","pbkdf2:sha256:260000$sxyCZxlmwfnBq4lI$8112f1f26c35c811584ceb5fbb864726b5beae139336ca3dab02bc849179bc32","Sandra","Brown"
"7","chad50@yahoo.com","pbkdf2:sha256:260000$pDdUTftTDNe8EJcm$2899444faaaa2066081ea68cc5b29d6710ca86c0a0e789906e9f70854a752787","Paula","Wilkerson"
"8","jyang@hotmail.com","pbkdf2:sha256:260000$j4eamfDyKVkErKAJ$7ed76e531095eabbdfbebd55619e34bbe473a1d7e7786d5138cb05eafd3b1b65","Willie","Garcia"
"9","bramirez@gmail.com","pbkdf2:sha256:260000$Un7S5HfGIhMuhwdn$e7f7c4a23421d853e044562a5f2b506cad5b2390233af244162ca0b9812d7de5","Michael","Montgomery"
"10","kellypeter@gmail.com","pbkdf2:sha256:260000$Up9zAY3ohzO3FteT$8504a35173f99dd5e471608a4280d82a8f0330e94a0b20301eac9f6cee1d3a45","Melissa","James"
"11","tarasanders@gmail.com","pbkdf2:sha256:260000$hCwYCbzN0z6DSpfJ$136c0f9a6a0bd731b1f8660b98c706b19b6d58ed2227d7e6184654fc6eb40956","Lisa","Bush"
"12","virginia18@yahoo.com","pbkdf2:sha256:260000$BbK9BLLIn6soYqi7$e186f50c74719a1f0e067b0c58851d4095f0abcfef6b19aacf096d3f2fab6a8e","Bruce","Miller"
"13","jensenanthony@hotmail.com","pbkdf2:sha256:260000$kqHaQfhamOb4ZOF2$5ee88e80d30212a7ca4f2660178581fcf043e3c7a2952c4d05b2c8e29ecffdae","Mark","Burnett"
"14","kmalone@gmail.com","pbkdf2:sha256:260000$9VQE7l42PqCTRue8$ff89027d49988853dc8f14123828e055cb76d14eb7b9422609addce469dcf244","Courtney","Valdez"
"15","kingerin@hotmail.com","pbkdf2:sha256:260000$OoKBGzhwEME9HpRS$8d12814c5aa282ba4c1891ad4dbd7d22e6856761a9418f1c8857b526f977aca4","Henry","Moss"
"16","meganbrady@gmail.com","pbkdf2:sha256:260000$ESblZCcwPalxpaP4$524b457ee66a9070fad9acef3c56957168075a305c558db1bf98171191c5e545","Amy","Fowler"
"17","kgomez@gmail.com","pbkdf2:sha256:260000$tqFhHjHqGPhevjZ6$ce650e1dac020806b6ba0cb50f5b259291a0132be4c0a3c0ea8495297c02ed27","Tammy","Reilly"
"18","thomaspeters@hotmail.com","pbkdf2:sha256:260000$1Uiin4oFz8Zvmd0a$d374be9c58d8b5bdcb2f554f3e29c1d169821a6470525a1ce68ca47e0fc12f0c","Robin","Harris"
"19","susan06@yahoo.com","pbkdf2:sha256:260000$wkcg1g0Ez8xn59PO$df2d020b38ea6fa2d0d19a27163aa5d6934cfc0b7c41ef3c8094d2d4a37926a8","Jared","Vaughn"
"20","william86@gmail.com","pbkdf2:sha256:260000$M2g9OUYWCqxhJnAY$09352d1b6474a51ae9624b3b55d2dec22444eb0c4dba2df8a13ec02e7fb8a59d","Lauren","Mcdaniel"
"21","michaelanderson@hotmail.com","pbkdf2:sha256:260000$Vb0uBOF8X0qcUVmP$78e6eca2012e3a794c945999d2ad26be6ac35379a22e8181c8f68d736fc71afc","Brian","Richardson"
"22","deleonwilliam@gmail.com","pbkdf2:sha256:260000$e4vGuou8AdJIbTMz$ca49e0ef9d38af8b57b25b4c525769c296635ad78df062a0fb8e2c8504f0867d","Maria","Harris"
"23","joshua07@yahoo.com","pbkdf2:sha256:260000$yctoZRgs5NzEGOYO$0469d93ebe5f16cf8a2336fb21511311ed37a3e8668121f3b1e451ed2aa6e5f1","Heather","Davis"
"24","leonardsutton@gmail.com","pbkdf2:sha256:260000$7VyDqDMRzdeY04jD$0b61272421ab8243b8dc64cb32df899b2b57605461c289a566db00dfd59f5a23","Patrick","Spears"
"25","hromero@hotmail.com","pbkdf2:sha256:260000$IBdkRSr9bHAayt7Z$f9473fd43808284284a7fbdd49d82eedcc69b447729abdf60beec7cc0bd5d0a9","Debra","Aguilar"
"26","angela30@gmail.com","pbkdf2:sha256:260000$cfGlfCmlYBZk9BMz$dbac399ae218594302f82b94056503088fd9b454e826015e652ee8fade64a1b0","Cody","Crawford"
"27","ygraham@hotmail.com","pbkdf2:sha256:260000$ir7XEVvXulJ3vHof$5913f5664f93bd84aa9309b21c2543873f563211529e31ca50f25d99e4602538","Cynthia","Faulkner"
"28","millerlori@yahoo.com","pbkdf2:sha256:260000$09SYC1sWIrA1BtJ5$f725ba04dd3fe9f8dd8410e1da13a4749b57b92b31d31bbe5ed1cd36d1fb9736","Kelly","Casey"
"29","pmartinez@yahoo.com","pbkdf2:sha256:260000$KVTsNEANGHpTDFMp$84c3bddf06cdd7e858e5d9855b98e82e308175b0a713065501b51112d46c4aac","Thomas","Patel"
"30","stafforderic@gmail.com","pbkdf2:sha256:260000$KiyOr18NA2KlPN1w$ec24c0f2e3e610c1090c9aaa73c4a53bb19d05104895fd16816be56e12bae693","Johnny","Martinez"
"31","smithsabrina@gmail.com","pbkdf2:sha256:260000$swDpxjgC0D4QTCUZ$2a2abd584a83b222aa749860f7e5c5b318934130f6ebfc8c0d690660fd6c853c","David","Turner"
"32","rmiranda@hotmail.com","pbkdf2:sha256:260000$LXoToOWrlMFxpeXQ$a02b5805feeb31953a01e121dc52b4dd1a0a833e367b61409373a299ec69a7d4","Evelyn","Hendricks"
"33","millersamuel@yahoo.com","pbkdf2:sha256:260000$jrTtiBvQZK0GJa02$993f6187628c7a7711b176902efd33d795aff060af9bc430f2a5f05d093b17de","Paula","Walter"
"34","cherylstewart@yahoo.com","pbkdf2:sha256:260000$PRtjgNqwN9hcyFu6$0ff9dd811fe13a47ba847a05db4f5a88711bb991845b400f21f233e8984015c8","Derrick","Webb"
"35","santanajimmy@gmail.com","pbkdf2:sha256:260000$EHXuy0wdOa22jz0q$d8b647296ad406e82c857301b149b91deb1cdcddea998f2893aef0772d319c3c","Patrick","Graves"
"36","stephenbeck@yahoo.com","pbkdf2:sha256:260000$nR8NSBHIOOeErFG9$5e9918e13ef1be27c96413e2481fe511cbf23c713323c98cc11dcd6478a3b6ff","Leah","Bell"
"37","palmercassandra@hotmail.com","pbkdf2:sha256:260000$2JWCuxbRtXaiUhkw$ab0c23652e21412687d040c0edaf5f49d66cc1c35e2e6d5b63f806d184c666a7","Dalton","Fritz"
"38","alisongreer@yahoo.com","pbkdf2:sha256:260000$JambAda3CR4Kbre8$0bfc53500fdded2ebd5dfc9414bd3445e736324539547fb6d7e629f34bc0d218","Madeline","Stevenson"
"39","jasondavis@hotmail.com","pbkdf2:sha256:260000$6emQXi7myrXxqRIr$62e36598d00749fe2c901021dcbe2b9fafbedac19a5835201424803bfd303d26","Valerie","Charles"
"40","markchan@gmail.com","pbkdf2:sha256:260000$Ieb6G2iGHTdesG2Y$fcca007408c0b1827bf96b7797432a4a62e6ad9b901915a0e654b044cb082da2","James","Scott"
"41","castroallen@gmail.com","pbkdf2:sha256:260000$J2B42JfpMUQaAcaV$c8d6a900d5fcba5a2553e844290c72e916c8318da9e9065d6472bbd1bcde260c","Jennifer","Garcia"
"42","caleb01@yahoo.com","pbkdf2:sha256:260000$6IsQxY0yN7fEaa2M$46f02e8c6260f2d1bd663f2f834a05351afe524024a7877e99693df2e9b3e2d5","Keith","Jones"
"43","guerrerothomas@hotmail.com","pbkdf2:sha256:260000$luGbdngArPMWUDD8$8e57e88646c8be4fe35b8a003bc98061531d49afda432ba496c7e03d43864324","Lori","Moore"
"44","allison58@hotmail.com","pbkdf2:sha256:260000$UIegCZNnWY4jg8cY$553b7cd4367535857ff95430620f5d6aa06ae50103ac478e6917a616f566f47d","Ariel","Freeman"
"45","jeremy24@yahoo.com","pbkdf2:sha256:260000$MrK7bvzoX4ANvVcy$3b04cd35eabb9bb4adeba881221eaba7d8879d56ec03285fb2f6c95824cf4238","Randy","Bernard"
"46","johnny46@hotmail.com","pbkdf2:sha256:260000$MLz95rRuZ3OUoyqO$4ef0f4054ffe42b561d20cf573e4bf43c978712809aae05369a4835e1d922064","Timothy","Kerr"
"47","james07@yahoo.com","pbkdf2:sha256:260000$HNVIGv4xprTcsx8g$af0cb852860cb179405f54810d9d7f3083bfa8c2b0b8fca23bd9bf69f15a59bd","William","Crawford"
"48","marquezpaula@hotmail.com","pbkdf2:sha256:260000$gq0920f4WjDEXeMG$5f3b9c7d78da19b912b8ba20bc73196ef5d79128aaa8c3ae1f19ba2ff4b88165","Jonathan","Davis"
"49","josephmason@hotmail.com","pbkdf2:sha256:260000$pZQgo7v8DoBQjSzS$2223a9b8b78e4b69618af9a7445c26530968ee5037dc396e1f22f14eaefc3172","Kathryn","Noble"
"50","richard56@yahoo.com","pbkdf2:sha256:260000$Wuc56IeXMSgX59ml$39c54a3289bebbf785859907dc05cf38a3f16e3521409a10a447825f012482ce","Daniel","Cortez"
"51","fosterbryan@yahoo.com","pbkdf2:sha256:260000$a2xnpBzFRTHAhqcF$00ad0f6f86b48b424f3ede9c948d126151a2255ac3160ece1eee2074c974963e","Kenneth","Boyd"
"52","anthonyvincent@yahoo.com","pbkdf2:sha256:260000$tWLpnAkICSMLcO57$391dc5a2378f789c95b39ca38c986d5191edd808ef19329a330aab95107f0c0b","Renee","Moore"
"53","sawyersamuel@yahoo.com","pbkdf2:sha256:260000$BikF5t3lJME291Nd$7831ba6ef696ba25e72abe992b2c1283fe0a2a1de79006cb4b9963f11bd3090d","Alyssa","Farley"
"54","gstone@yahoo.com","pbkdf2:sha256:260000$ERz8cIwHgDy1VxcC$b10087f2aa544a779e414aa242a6efa5b2d3cde5673daeabdb22513a958d002b","Alexis","Williams"
"55","kevinflores@gmail.com","pbkdf2:sha256:260000$P00DozoW4CiZoTvC$3f35c7632593932724a33cd18cf2750981b83924adcccd6ae9a8b67364ff30ea","Jasmine","Castro"
"56","gordon43@hotmail.com","pbkdf2:sha256:260000$VnIZfwzJdb7dqgTH$c0c454b22d03120ce0990323a10975fbae22dbef0386bc9159622ed41d60b36a","Joseph","Williams"
"57","kennethwashington@gmail.com","pbkdf2:sha256:260000$vka4fF8Thoxaapz2$00d655914f1b3305be71f12633bc681e94c004dafdcac9d159376a7784ac0d5e","Jennifer","Marsh"
"58","hamiltonchristopher@gmail.com","pbkdf2:sha256:260000$KvqcXaO5EvJk05E6$a25b4d5a7babe523607a06370884de9b84b8a9b4d00532a61ae9572669df4d87","Anne","Michael"
"59","nsmith@hotmail.com","pbkdf2:sha256:260000$d7qLa3cLNLbCOa4R$f83f5c18c8877e524885698a0fc183f2f1ad9a8a147162a29236e8cc2ed435a7","Joshua","Duke"
"60","jennaarnold@yahoo.com","pbkdf2:sha256:260000$le89ah0cFyVLxdOd$85a5827abbd2e1d4bf5183a1f08f3465d46cd06e0ed5b335a69f067236a74d7a","Susan","Turner"
"61","scottzimmerman@hotmail.com","pbkdf2:sha256:260000$zJqXXqOKXN7TFabO$aa5b01c8450246070c713ce9fac7c995e52d83955c056ffebebaf88fa7b39e32","Julie","Dominguez"
"62","bonnie89@gmail.com","pbkdf2:sha256:260000$v7PbmwGlQJgFqheE$47da52816d97ba7f739df74d8308ceb19c14cb04ac1c6359daf00805525bf47c","Dwayne","Osborne"
"63","cindy30@gmail.com","pbkdf2:sha256:260000$0JvoVMKq7pDPwJcJ$78eec55d9e6a42c1df04d3957f058fb088ba897e703652c4218092db7fe1158e","Antonio","Thompson"
"64","qhenderson@gmail.com","pbkdf2:sha256:260000$4EDsTOfooA6wzcWV$d31b8765351adc2459d8e688a1fe90e91048e667e629585eff75c6e419a9a4f2","Yolanda","King"
"65","nancyturner@hotmail.com","pbkdf2:sha256:260000$bO4dYmSs5Soa5XfR$aa8aadbebb684107613f8c783141a330341af40adeb02106a912c8c6e5da4da2","Richard","Woodward"
"66","bradley51@hotmail.com","pbkdf2:sha256:260000$28rpj00T68Fcw18O$80e734a0f33de1cf11e11b0b6ca77058c6f397e0d3e9da7c99fde62730caaf4a","Jeremy","Costa"
"67","matthewpetersen@hotmail.com","pbkdf2:sha256:260000$cHhAVq3nJ0nFeVMC$2b7b2dbfdfdacb7796b3c62b79e8aa09aa497cf17bb8a74fef2ed3a70416971a","Robert","Dunn"
"68","uhill@hotmail.com","pbkdf2:sha256:260000$BtJHyVjjfxKBC1Hx$c758e934964853e8ef23f5b77a99d58bf6191c0cebfa6f69d7b198cb82486930","Tonya","Andersen"
"69","lisa79@yahoo.com","pbkdf2:sha256:260000$MYs6GWyL1uXYw1as$fb5b000d8c79c378275c5c16c9ffffc2e3c14b8506030f6d882e0dba530bdbc7","Stephen","Bernard"
"70","richardsonjerry@yahoo.com","pbkdf2:sha256:260000$T5h1RvpHlbquT7W6$ee0806b08a5af11c9d352821bc4af260324dc161bd0e4b561dc894e9e4bab54b","Amanda","Gonzalez"
"71","jmcmahon@gmail.com","pbkdf2:sha256:260000$CC7q9ud54gXv8qmO$1a59ca6b3a682a4716dfb6eb7fef7f247789bd2e56c18ff37af30e19d1cd306c","Jimmy","Walker"
"72","wrightkaylee@hotmail.com","pbkdf2:sha256:260000$fBRyoFy5DejmxbF8$5612fb452694fc998017e48643e93016c3ceab87a3679ae4931b22e32fb6a1ba","Austin","Holland"
"73","danielbernard@gmail.com","pbkdf2:sha256:260000$RIaPVIeQbGvdfrVB$ee3de15744ddf843516af5b00813467b0d7261665b954c16ce94b4e8ae762b2b","Molly","Fuller"
"74","wbrown@gmail.com","pbkdf2:sha256:260000$J2L6nLjkqiPhMbdr$a11b00ca1832b843e613a8bc1869ed27d249d68d957456be7ad5a7955b5ce2af","Doris","Kaiser"
"75","ofernandez@yahoo.com","pbkdf2:sha256:260000$pqzOVgkhF0RmUC8F$130080569637545f7d8933c789a5a0d13a919b120efec3800afa536d6d3acda7","Tyler","Curtis"
"76","conradthomas@yahoo.com","pbkdf2:sha256:260000$URuS9ZogacULJngS$bb6bacab8b1ff95dc43c8b9a9564503fff2f50c96534df45ec60046dd81f5eb4","Angela","Tucker"
"77","savannahsoto@hotmail.com","pbkdf2:sha256:260000$lRasMLgyS5MUSsSx$19deea260e5658726451d0d4ef7e1e467c187114eb5383bfdd73220ae312ea32","Robert","Gould"
"78","debra49@yahoo.com","pbkdf2:sha256:260000$Sh3bDOFBStMs4iSS$b1893fdd2b6252969afdcdce4b3a1f12db86f9f548c8f7ea7cdd2aef2c3a8e1a","Cody","Morris"
"79","edward63@gmail.com","pbkdf2:sha256:260000$rNWYOWeOqu7bKxwL$6f234baa257f818fdf3811a2ffcd8d2048c26e6a3f42b8c0579069b6efa34116","Valerie","Jacobs"
"80","deborah77@gmail.com","pbkdf2:sha256:260000$3nNE6RbZZHKAZu2L$131de0e5f18d01efecf2ad21de79b1d5f9198be58cc9f53650b99d1c7df60d40","Deanna","Holt"
"81","opoole@hotmail.com","pbkdf2:sha256:260000$czgGZhSsI7I50XTT$b7cc1db8b483448905859a24317cf0510408674517e32bc0f04ad77de7781808","Larry","Palmer"
"82","dwells@hotmail.com","pbkdf2:sha256:260000$JmeOglQtZ35lBqwt$fe442de6e07c34285d79554c4eb7d149d261a84630d1e6ccafa7092763eb6a49","Kristina","Higgins"
"83","qstephenson@hotmail.com","pbkdf2:sha256:260000$GsslaKw7gMU859X4$feb7fce9b37c26e4ba9c845a4ce25aec845143b7f0b160eab1b2720cc2d01bec","Shawn","Matthews"
"84","jeffreysmith@gmail.com","pbkdf2:sha256:260000$x4rppDwuP6sHm6dW$5d8efbdad9736b60dd646c7fc4ac410c4cc43644fcea345379054832cc06e7a2","Samantha","Parrish"
"85","marydaniel@yahoo.com","pbkdf2:sha256:260000$89lujYehj7jidlT2$d398179f87c1c10b26dc4b43c7790454d8c0c7db9c5277c7159476ed5dc00a23","Tonya","Jacobs"
"86","jerrybrooks@hotmail.com","pbkdf2:sha256:260000$YnGsZtqykdGEAzNp$6eb1c20a118151fb51da0abb58f0055406495cc7091fe811e3eb1ad5e8fdbaaf","John","Beck"
"87","mcbridemary@gmail.com","pbkdf2:sha256:260000$2NwkAddlgVrmPFr3$11649f8cfd44ef54e3ae7238c7767134679a92e229703718647f3a6a703ab852","Laurie","Underwood"
"88","ycolon@yahoo.com","pbkdf2:sha256:260000$cXChQFfpet5vaHiG$1d2815c47cc2dcb65c3c85e7c918e9ae0f7d169a69dc9d0334f9a325fd9e8fb0","Linda","Orozco"
"89","michael74@yahoo.com","pbkdf2:sha256:260000$os3ZisJOaih8DJxT$4ff8562f693d7f9ded64ca598cb0d9bc850d3bb3c552734aaf7a32a496e6b264","Kimberly","Park"
"90","dillonwest@yahoo.com","pbkdf2:sha256:260000$7NQOyUgyhnlFrw12$567cf9287862e7d20ec1ef06cd60408fac2fef05089a306e04b28f3ae48f7c38","Cynthia","Lyons"
"91","sarabender@hotmail.com","pbkdf2:sha256:260000$28tc8MS1S6WD2kaF$0ebd4cfca0746c7ce1ae1940f0c4e93a8b6ffe4b2d8d620715e90e81b143900c","Daniel","Hall"
"92","jeremy83@hotmail.com","pbkdf2:sha256:260000$84iDbNqkw8Oc35MX$d6fb148b43a230370ede2d81e510cf456872d634e829db99b5c94456d4609f47","Spencer","Duncan"
"93","jonathan73@yahoo.com","pbkdf2:sha256:260000$oPeRjiv2B7rs1GVh$64751b8979055420fe13f46339f8cb1797c003f38baf6e355f1367f0f670acab","Cheryl","Acosta"
"94","alexandramitchell@gmail.com","pbkdf2:sha256:260000$xv954ipIacFwzcjZ$079e332c6fa4cebac2161f378965c75c715e14ed11a6846768284ad963c1551c","Matthew","DDS"
"95","mathew17@hotmail.com","pbkdf2:sha256:260000$7lfFVtoeKEZ3oVNv$1f798cf1daa1b62a31d563600977d5f287ab5ae4cf771877cdf643ca35084af8","Angela","Peterson"
"96","pgriffin@yahoo.com","pbkdf2:sha256:260000$nQ56HxXamW3pxqzW$e07d2bb2bc06ba0e88af7a58ff793fa926a033655f269f85d3616e4acce5b288","Adrienne","Friedman"
"97","kennethwilliams@gmail.com","pbkdf2:sha256:260000$XmYnTNBlWFfjwsdp$2fba0ba5065681794894e0525364ef4af6936f6f56d6ca2989e304deeb9fb81f","Donald","Thompson"
"98","shawnharris@gmail.com","pbkdf2:sha256:260000$TPfFv7LmR7Rw6uzF$a6aede7095e23f490e131a3cbba87d80c7dbf9263aa0fd675cb2dac98998f619","Bryan","Scott"
"99","danieltucker@hotmail.com","pbkdf2:sha256:260000$AX3AeC6IIhNt8vHZ$0164fafb2fa3664fe053fdab1db21089da149e8621efc4e67772f7e7aa6a20e6","Jessica","Miller"
"100","timosborne@hotmail.com","pbkdf2:sha256:260000$IWIDEu9w2kXIlgYQ$6d01657be37bd16894e40130d6be1adf4c79f1b5cb880d77505c7f625ea2c397","Samantha","Taylor"
"101","brian98@hotmail.com","pbkdf2:sha256:260000$w3B0yYGxyxipTpaA$a979c4c8af85eddc94b326acff17ddbd64c812ee2b5347fb8c44eab2c1cfa18e","Samantha","Washington"
"102","williamsmichelle@yahoo.com","pbkdf2:sha256:260000$wXyRoSrwH5XuN1P5$725d3718c0ddf2fd89dab6cb6a604b07f2b63b152642804a1639be89200e857f","Heather","Wright"
"103","amber45@gmail.com","pbkdf2:sha256:260000$29Jd7PuoMc8IJzqb$b6b899e4d8fab8418ae6e22b4b6d65b76eec5db4f2b75da4a3ef2548a34a9887","Kimberly","Gardner"
"104","clarkmichael@hotmail.com","pbkdf2:sha256:260000$FLt8e3HaXUEH1yyG$50bf2477e8ac2d85de12a9212240086c634301855757b076256ef7051531413a","Kevin","Holloway"
"105","clarkcameron@yahoo.com","pbkdf2:sha256:260000$4C9zNenFcdkgiRAM$aa247e0027ea93db3a54ad46ebc3658d2fce5cc7b56493f41d11e3cca46e3aba","Kara","Edwards"
"106","shelleybird@hotmail.com","pbkdf2:sha256:260000$iWpxVqLwLQrvSBSy$c4cd325d4019f38c42e47603ff5a26cc366dbf7e2f23b492b2556b7665283e1c","Scott","Martinez"
"107","dickersonvanessa@gmail.com","pbkdf2:sha256:260000$4ZR3tFeFH9L9zXEQ$03dcc1a679778cf01f58e2ffb79655ddb27c11e0519b519f2281053b905f50d4","Stephanie","Montgomery"
"108","rbuchanan@yahoo.com","pbkdf2:sha256:260000$nZCUOrmiPoxzJH4w$658070bbb930098779d39962ae2bca075c1b3ed230fd697881584db85c6bfc23","James","Gray"
"109","kurtellis@yahoo.com","pbkdf2:sha256:260000$9pgcHZY55HCDqkM9$cebd7ea576b10fd1258e39577bd27cdab73d105b3c430366658523737bf88e6d","Andrew","Mcdonald"
"110","thomasjames@hotmail.com","pbkdf2:sha256:260000$V91xiChPqTLlyMOY$7416fc98240d1e48255135923afa7749af7d98f7ce5752d1d64467c3cefd91e8","Chelsea","Potter"
"111","vdavis@gmail.com","pbkdf2:sha256:260000$FrEu5KkvHBG0jfk5$f8f50e200b2d3d6defdb34a48ae743a63c218621447154a5371f8e18600d91ad","Vanessa","Wright"
"112","toddgonzalez@gmail.com","pbkdf2:sha256:260000$S9WgtxSdLyKeMp2U$2c74cfe02eb558844bc8d6f48fa1a8cae784522e6e2fbf7c43d57380099c14a4","Jeffrey","Robles"
"113","jcarter@hotmail.com","pbkdf2:sha256:260000$TBQYo1ph9QTb9ihF$947f07a4a82fb35e97827738f7ce71bcba4efcbbe37ff7c5b73d741996b0d62d","William","Delacruz"
"114","theresa27@hotmail.com","pbkdf2:sha256:260000$F7KVVZCDiu1Mp3Zm$0739aaf1aab124b73a29535246ca99cec54ed7156e9b656a49fde0edbdb992f3","Nathan","Perez"
"115","sstanley@hotmail.com","pbkdf2:sha256:260000$l0dzEUUWyr0kWRu7$1ec77cde4459253f1f3a081b33dbc574cc456729b527fc7d900741be59be2712","Krista","Allen"
"116","howardgregory@yahoo.com","pbkdf2:sha256:260000$Hac8qf95R7dV2y4y$ecf85adfa38de4ebd60e00fc14d1a90256fb4d0ef24499bc3c5da064b755c815","Holly","Jones"
"117","kylesutton@hotmail.com","pbkdf2:sha256:260000$5seY5VPjRvQQWffW$eeed5a866b6ee671b55a9241546350e101619a5238750073a92ce9ceb6b6c8ff","Brandon","Smith"
"118","heatherjennings@gmail.com","pbkdf2:sha256:260000$mH59DsSVvwbwzMm5$16906efe390cf157648bd44f275e35f9c16e8e89ba9092411404cce6c00e133d","Michael","Murray"
"119","amber59@gmail.com","pbkdf2:sha256:260000$Thq1Teo4ZV9E3FYb$3a396ef1745824c663d4bb3bc6fb6d91e8b427961ca6a1c59a0c72d472740bf1","Janet","Tran"
"120","wheelersherry@gmail.com","pbkdf2:sha256:260000$6rePsG84kHu2pAwG$fe3bdba384d993edcc537e7feed68a56c94725d45d108e81e4ac99d721108af5","Dr.","Bailey"
"121","torresjoseph@yahoo.com","pbkdf2:sha256:260000$Bhe6gDKsyyg9CNDc$c3285c0389a5a4ce2026c6113c589fcf6feba06bbd92c445d405faea0dda898f","Mary","Simmons"
"122","phicks@yahoo.com","pbkdf2:sha256:260000$WYBL2coapboHsaXK$2e60c6f4a63357257f302e4b299f17deceac2d8468b0e462884f8c5c3dd44460","James","Martinez"
"123","rwebb@gmail.com","pbkdf2:sha256:260000$aKr9q0EhADQDtaGX$6d94ef7d8dbc7e2d14d7a7306e164af76f11e02f7e45dcb8481e99bd42de3876","Patricia","Wright"
"124","jaclyn81@hotmail.com","pbkdf2:sha256:260000$I2U6fbf1CvrdIBye$32a80bf19e4968a0990afa88079c1ca92e15d837fa1ccc85dff0ccf55b6ea275","Jamie","Harris"
"125","fclark@gmail.com","pbkdf2:sha256:260000$0pwLGtUR5khtbBiH$4d2903b672404b008294646b5f93658dd25bb87f8c040a10028c8e856bab6613","James","Stark"
"126","qjoseph@gmail.com","pbkdf2:sha256:260000$dteQESKORHetK8kb$fb39e914c2d0ba5a6733aed062c5048a40dd6598e05e14088b28f994750bba9c","Barry","Rose"
"127","christopher02@gmail.com","pbkdf2:sha256:260000$8XWBR2j1Uw5e8n9K$6d5b7ad51f9a33c40f84c8a153b7add71437e86c9d523a674860ddc1a6882408","Nathaniel","White"
"128","robert93@yahoo.com","pbkdf2:sha256:260000$VL7L2sxNTeG9n9Gb$bc0a7bf1d719740f2216a72a0376318979cf87a1f6c9fa3be442bff404561d10","Phillip","Vasquez"
"129","jmoore@hotmail.com","pbkdf2:sha256:260000$fZiswwVqGxZORBGm$7ded196d22d7335ea749b8c3322113b84beac56318532ac0f516661c060b88f5","Kenneth","Patrick"
"130","sherri51@yahoo.com","pbkdf2:sha256:260000$Qm5Qo216eZXfcjhy$b4114f86c675d3803fab40e7f8acf407a008ee1665eadcf2c073d38496e3fcf8","Cassandra","Smith"
"131","beckyglenn@yahoo.com","pbkdf2:sha256:260000$rwiK5lIcwm7FUPa6$168a7a222c66bc2d94a35bc40098a7e7518b1019d9b8429817a65efc2fbb5d6f","Nathan","Bond"
"132","omargarcia@yahoo.com","pbkdf2:sha256:260000$vNpXBydFjmIBbQeP$3c8ced97c5233367d89146da5ee97196ae42c2daeb51fa369604a6cacd13ecd5","Courtney","Jones"
"133","smithjacqueline@yahoo.com","pbkdf2:sha256:260000$FWDejC7IgiCNsQqK$0ab2d6658512cb53891f8e646372d7a9c850d577e2a58c9aaa6fab0dbfded8b7","Emily","Miller"
"134","pwright@yahoo.com","pbkdf2:sha256:260000$dko9C1RUWpC5jiBQ$3326e323073f396fea246482db4721016e126abb8303b0923ec60aa24b7acae8","Brandon","Thomas"
"135","julie32@gmail.com","pbkdf2:sha256:260000$DwPUTmqn34f7bEpY$23931acf795ccc515fbeabe4c044028fd3b4b5367a3536ed99fdf03634bf6c36","Tyler","Howard"
"136","moorerichard@gmail.com","pbkdf2:sha256:260000$Z9HZ4iWVjMe8iWdD$c2953d2d5ee1b22d03ca071d64df03902084cc3a187c50265575d1a93a45faef","Shirley","Peterson"
"137","qsimpson@yahoo.com","pbkdf2:sha256:260000$Ior08wAUa0zERNOG$f9cbfafabfb02284092dd40235906955786636b04ec937fa21ea399c56ee0c56","Henry","Smith"
"138","justinhorn@yahoo.com","pbkdf2:sha256:260000$Wxv3kxmU9Rwl3txF$27b441bd7cff813bc957debd6026878ede8df0942f587e39dc01f0a6724ae764","Richard","Chan"
"139","falexander@yahoo.com","pbkdf2:sha256:260000$7gC4BsBmWZbOw8bu$c8ef816cd0489058a7d44a9c92db0c1eb260fcc693b12345ed8f2e556eb18eab","Kaitlyn","Jones"
"140","hdavis@hotmail.com","pbkdf2:sha256:260000$2GnIfFGUfazVQzOr$8ae8a39d9291171b9640507b9d9a22ccd10a48b258e2623028653fa12c2f096f","James","Yu"
"141","browndawn@yahoo.com","pbkdf2:sha256:260000$3YBCdi5VDuTrdtgV$95e68ea63e8146afa8b0cdb460d52f8856dcbc943b8b5a34eac2bfdd535bbae4","Courtney","Curtis"
"142","lwilson@gmail.com","pbkdf2:sha256:260000$RHzRlqpw35jmgm8t$4e4946f371e109b278e369d006781f488748b660e7b023b8b97e169e0d9f826e","Cheryl","Jones"
"143","rachael67@gmail.com","pbkdf2:sha256:260000$1OuON2hPEmB3cNo3$82451c0d62d44f198e5cfcf98636e26bb72f2ada06d3fd92110bbdd666f2d2bc","Carla","Smith"
"144","jamesmcbride@gmail.com","pbkdf2:sha256:260000$RErTvIB1pQ6vBthe$02d6fd56a2dca1a0df24f09e483bc2fdbf2c3fe16d092576ed570e7262c0caed","Sarah","Keller"
"145","fgraham@hotmail.com","pbkdf2:sha256:260000$fo4lpHQ1r3XiUI5D$eccf58c00b8991ad66c4ba3dc74366dbd4f6cfd5f90bf5a796807b30e36ef588","Willie","Owens"
"146","ethan15@hotmail.com","pbkdf2:sha256:260000$MqJEsee5Cwqd0yE5$f3e501909c4396f76df72e1811e367734b97da93c8f441047d875307bed5e997","Luke","Romero"
"147","harveyrhonda@hotmail.com","pbkdf2:sha256:260000$dwjUh27mm5GAmgmR$fbb49a1544a7129615181b3a1c180e03850a74e8a73f7c559eb4a1bf7a28a1b6","Jessica","Chang"
"148","johnvalencia@yahoo.com","pbkdf2:sha256:260000$cVwgmGTJ8OX3DsEx$674e37a6a215e3d4edefa047ce8fb50779ebbca329033ef2135d374c86e9b853","James","Patterson"
"149","daniel36@hotmail.com","pbkdf2:sha256:260000$NlmZkj7j6BADyF8u$05dbacfe90dabdd2ea6b968678041891f9204d74004871943a96352b902e4c97","Jeremy","Johnson"
"150","hollandpatricia@hotmail.com","pbkdf2:sha256:260000$LhqgTiWUeiAZT46s$84b72d2234e26ab8e8f2149f9846ee692e5fba45c34d7b570a861b85481de03a","Cynthia","Kennedy"
"151","wrightrobert@hotmail.com","pbkdf2:sha256:260000$l7dVJq4AYKPVPuRJ$f44d21c71f52d66b7c18f8c804efb00b1d399a9fa425f0949cd1b38e012581be","Bobby","Berry"
"152","lisawilson@gmail.com","pbkdf2:sha256:260000$41LTFsv7OSnwvtQG$f02fa882ef88faa26e2211dedc5f5b4fffdee33eb6ce1b76087ed35e782abd80","Logan","Clarke"
"153","sandracallahan@yahoo.com","pbkdf2:sha256:260000$QLpacNZ0YPnDGDAG$fbdd4318c05c38a90ed89ca5e14e66dc45d6a61e5953264a130587f7ac02e24f","Jonathon","Bell"
"154","robert10@gmail.com","pbkdf2:sha256:260000$gMy7gLEotDE1Stj9$d87e0d6efb0c729219d51ecba154b4ffffa173a16e7fedd1a6d804dd20146ef5","Frank","Manning"
"155","ywang@hotmail.com","pbkdf2:sha256:260000$mlgdxuPnQKLlzSSu$6219f38eb1bd9d8469e37ccb63a35a13df29367eb6161a88ea31b58f74d10550","Mason","Allen"
"156","jennifer49@hotmail.com","pbkdf2:sha256:260000$sLVPOVTnXKp6O6sk$d0509c15d74ef3a0f82654670d386e7d51a963a703db5936e9324d1e5ad61dad","Beverly","Johns"
"157","jessica21@gmail.com","pbkdf2:sha256:260000$X0YqBnVTTuwjxMiU$e58623e98d11271c05fc481c6a1a47469f505d4f0ea69f59425de2275f6d01e3","Dr.","Shepard"
"158","williamsnicholas@hotmail.com","pbkdf2:sha256:260000$3i9EnjhOV5VxBueM$2661fd12d91a75e3d0ec91cdd549db188c4dbb003b3c6f508b55a8c8cea103fa","Pamela","Estrada"
"159","jdavis@hotmail.com","pbkdf2:sha256:260000$2tRFGeQsHLjWBZYu$fecbe242aaeb303116b585419ac23091d44bebf7017385effca976bb5d687ff0","Abigail","MD"
"160","igibson@gmail.com","pbkdf2:sha256:260000$2zl86yG6E1cbfpfN$93faed82cf84acd1f85c818dcc1905abcde4f480b2e35b93bf0071fdc17025aa","David","Smith"
"161","jessica69@yahoo.com","pbkdf2:sha256:260000$3XX8RWD5Y60riWYh$ede569caa0be8a0c02aa26e32b467c004e695aa25473e40b0e5d4990de0924df","Kevin","Jordan"
"162","randy95@hotmail.com","pbkdf2:sha256:260000$QlcY0FJyFpBJKRMy$79f3aa0beb7a727edcefae7c29aedea17ee0ee7536344e4e56d82f39f6f4ba1d","Yolanda","Thompson"
"163","ryan31@yahoo.com","pbkdf2:sha256:260000$KkxbWA18OZMUBynS$82885d4ef1062c8844f7f149ae52cf820b0ed80d20600ed8227f777c3ac0de5e","Joanna","Bauer"
"164","aberg@hotmail.com","pbkdf2:sha256:260000$iba1AflOsZjEPaRA$ae83a5da150514b669154d09ac1db5d71de439f5a7dddd8c8d83e4a70bf8b58a","Richard","Harmon"
"165","edwardsrichard@yahoo.com","pbkdf2:sha256:260000$Q3hTDBZOigbEhaBY$00ca1494e4223fdab8fe4b8d904845d4b9d965d825929166ed65016953a10832","Michael","Brown"
"166","carlsonnicholas@hotmail.com","pbkdf2:sha256:260000$uPVCvR3LoTpJqCqC$2bd4fdc506c0ecc78c5c054edbd505f8f151be6dc5c133c7505cfbb4ba7998ee","Dean","Bowen"
"167","nhanson@yahoo.com","pbkdf2:sha256:260000$e1N0rGgMliLktbgD$81ba4412fb2365669816d71727e084f895a64a7b5edd35648968956fbed131fb","Eric","Williamson"
"168","marcusmendoza@hotmail.com","pbkdf2:sha256:260000$1tGCmGryew9WXw4x$288e4ae0ae75f2ba61ce658d487a466f4d9c48bba6335d626a8c634b16d44570","Tammy","Nelson"
"169","brenda29@gmail.com","pbkdf2:sha256:260000$AsZlsBS0qYcScfm5$a7539f17359194f9d5eb5c103591e16c62ba0422a8fecb230a9d11b60780ec7c","Kimberly","Bryant"
"170","bowmanashley@gmail.com","pbkdf2:sha256:260000$sHjpuDs3H1Jg4r9s$21e5fe5760e910a0aada5d9ad6c774cf7dcfcb8fd65eea3a0d46a6d542be7ea7","Sarah","Garrett"
"171","derrick53@yahoo.com","pbkdf2:sha256:260000$If1atMDO3sZZhymE$24fc330f5f1b17b0bae79d4e974f30ae5bc2f1e6c8f10bae0cb93b8378da3c4b","Kyle","Johnson"
"172","jennifer70@gmail.com","pbkdf2:sha256:260000$VFskK7PEFJFS1KgB$b27c9f61fcb7eedd80376075640ce83240fea22bfca9c00279b00a31b82913ab","Amanda","Bryant"
"173","boothsandra@yahoo.com","pbkdf2:sha256:260000$svZMRgt0nmNya6oa$981dcffba10697d78652bc7d73971012e5c4976a7dcdb768bb1acd5df527c5d5","Amy","Diaz"
"174","fcarey@gmail.com","pbkdf2:sha256:260000$5YaPUptdrROujxdu$555d58624a96164e069ef32401e7f656f4b280e42f9e92acf1cc7efae745e460","James","Alexander"
"175","lisaburch@hotmail.com","pbkdf2:sha256:260000$vjVMX88GjCg0OOe9$43054b1a9d518941799d56c9bd17426460758961819394c2802ae6e9fcd78519","Misty","Dean"
"176","garyfowler@gmail.com","pbkdf2:sha256:260000$tPNQWm6NgSqJ68gi$fd6b910ab474bf3f767ee45186cfbe51f88219bb999a1a7748b28292dde7d70c","Daniel","Weaver"
"177","pruiz@yahoo.com","pbkdf2:sha256:260000$5cYKZCKfRi93zKSN$f08c1faa6d6b53f705d18122026d5504e8ac5c09a5dc1dae6e9a44930b6b1e93","George","Ferrell"
"178","elizabethpage@gmail.com","pbkdf2:sha256:260000$gNramwIqiO0uuHrQ$a6438733341ffdcbaad83424e6ae7c67d2dda5ba16da9c9434e68829bd40e21f","James","Wilson"
"179","debrakemp@hotmail.com","pbkdf2:sha256:260000$L9Cj8bJwKAGUGXSb$ce057a67adf4834ea3e8c8abf0722ee1d02e05ecf02a9831ecd57f4f25d96701","Diana","Silva"
"180","ysims@gmail.com","pbkdf2:sha256:260000$Jf8HQ8qMazBYuRDq$0df0901ce2228a9ae0c083e61caa0ef01b319d5dc693396fc4f36fbec5aa8271","Samantha","Garcia"
"181","larsenamanda@gmail.com","pbkdf2:sha256:260000$STbskz41IOJPyUsf$59ebc67edfded8b04e1f97d9b5e9b3080c21e5408770f380ad28b6bd5d37dcc9","Brenda","Carrillo"
"182","michaelkemp@hotmail.com","pbkdf2:sha256:260000$34pGDSSf6sqdnhBq$e5649ab790faa4d9958b3b00599fdb2504bfd4d702c1089b6cc4a5fab546fbdf","Jessica","Trevino"
"183","williamsnicholas@gmail.com","pbkdf2:sha256:260000$VFvLXo6OrR80QZcD$80cec6a320e7eac89fb442fb6efaf7bf1836d218ce564bec3a93951a3ddda454","Robin","Fletcher"
"184","jasmine05@yahoo.com","pbkdf2:sha256:260000$lIwH5zVbMjvous1u$74d76b608886a0669a6cb0f24e9c09b1f08364010a2509379f47ee0824ee6754","Phyllis","Yu"
"185","stephanie10@yahoo.com","pbkdf2:sha256:260000$we97JZSYuErzKpKd$426a25f2dc948cb3925b71fd465f3e895babbdc16f0a7e92792d25fa5d8c1067","Alicia","Robinson"
"186","ptaylor@gmail.com","pbkdf2:sha256:260000$k4IBvCb3nXmzp8Vf$e6f68511216145226ea784278f03b7dd5241ad7d2de3049087eb00491948fe32","Rachael","Marsh"
"187","kimberly74@gmail.com","pbkdf2:sha256:260000$pozv97wYSExIMf6Y$5c895cb3507c34861b9962b16de5e2716436620d9a925ac03352f0dc61f36763","Jason","Schwartz"
"188","bradmurphy@hotmail.com","pbkdf2:sha256:260000$ZnleVXDjSTkveIVe$58bb253a44bdce6ce4edd8e4f6db69b0836fd70ca7c3696d9fda93e45c74b0ba","Robert","Knight"
"189","ericmontgomery@hotmail.com","pbkdf2:sha256:260000$JEjOQr1rEfk3eXzA$842ce3b8f73b608a598314f6efd7ad45b31c478065d7e0f5d49259f1b906b375","Jennifer","Patton"
"190","danielpowers@gmail.com","pbkdf2:sha256:260000$p9gxCy6OYnsDkqPS$208e1f651b4124661be5aa2a2778e45dc5c13ff65f743fa9e480b4d85bd2cf84","David","Combs"
"191","julie89@hotmail.com","pbkdf2:sha256:260000$P5mtZ9Ehug44BnSl$dfa91c3a9761949c06dd2962016675dc31b4cc10835a0be9020d40b41b934bb6","Sabrina","Lawrence"
"192","lori98@yahoo.com","pbkdf2:sha256:260000$DkMMryTfIlKD9Acm$7a0b08e1cf694682e9398339783c2703f87de0168b550036e9aec1a2d6bd9fb5","Nicholas","Thomas"
"193","bradleyward@hotmail.com","pbkdf2:sha256:260000$MGMxiQwKi8iFT9vL$1c0c80ae35b29f1e24b66897397f12a012e91b5550aa3b854d185e35b33f2a2b","Ruben","Burke"
"194","garciakevin@gmail.com","pbkdf2:sha256:260000$X51JgL5mk2RHlBu2$44937321711e3ba5178c28c9d3b456edaccc03bd8778a8e74bddc5d023ca7fed","Jeffrey","Peterson"
"195","ryan22@gmail.com","pbkdf2:sha256:260000$QVzy7wmqNQTB5EmO$c64f342afaf6462dd0713888a6cb8b4cf2f5c7d04f4e02e9172cce22beac05e3","Alan","Oconnor"
"196","owright@hotmail.com","pbkdf2:sha256:260000$vD2QzTu78yvgpv2q$d30c07d860594a2d76771cd292c78310a01dc6536d054f8c019170f609c1ba2d","Joshua","Sanchez"
"197","michaelanderson@yahoo.com","pbkdf2:sha256:260000$PqKnGBFXrNNU6rde$20121f8783ee7bdd0982f1168df8ea89971529361631ea86b0c2c3f6740cc54d","Kevin","Howell"
"198","petersennichole@hotmail.com","pbkdf2:sha256:260000$yBdcAv1QEFUSd0pA$e86aa32206a15666661927aa0d8ac49b7fa97ca167b478ac9a82287ecc533230","Anna","Pruitt"
"199","margaret14@yahoo.com","pbkdf2:sha256:260000$YV6vZm4k1fkQZGn2$22442387b1c1c6f60cb18958371d772a6ec42b7f6d873b09624fe36fc3bd6c24","James","Erickson"
"200","nperez@hotmail.com","pbkdf2:sha256:260000$MD4vDo1SVMvxkb8O$52e83e2fe44e93ca5abf2b8f22e55dca123280e1c039cad32b86e6ef25beddf9","Lisa","Wu"
"201","huffjordan@hotmail.com","pbkdf2:sha256:260000$CxMuqolJdkHefDlc$2ddeab67b006a6ec418a3add486d7f0f454f1b6a8b65fc66c31c920d02eb076c","Ashlee","Garcia"
"202","tracycampbell@gmail.com","pbkdf2:sha256:260000$CTZyb4nk0fmpfgEk$0e0b757f4200d436b875ee332ec8ae20236f8eac790b377269dfe6241d85e49a","Johnny","Mason"
"203","cindytate@gmail.com","pbkdf2:sha256:260000$piScS7YSoy8kh0r2$8a243c33a186bfc38d61d7a02baa0b306d7e386a53981041cfbb757824a7e13a","Amy","Brown"
"204","garciacynthia@yahoo.com","pbkdf2:sha256:260000$3cItPKr1EfuDNsGm$2cc8d0279174ce5e6f2e08f2c9abdfe00e8ed7a365fe67cd261d368a486434f3","Angela","Bennett"
"205","danielshannon@gmail.com","pbkdf2:sha256:260000$l7mJGKzlkOn9QFBA$0b14e209aacdcf0ae802c3a8d60fd245c61956e361ecd1e0a53bf1e0155795f0","Dawn","Rodriguez"
"206","jeffreycopeland@yahoo.com","pbkdf2:sha256:260000$0FNIFWTupDSljuMc$0a75c9dbe41f7b5e3984afba8a9e0be3aeefa5064a0ad7439465de1a7a170e10","Beth","Wagner"
"207","whitewendy@hotmail.com","pbkdf2:sha256:260000$RpdN7girCrHhpRzG$fbfb1724c8997f67c9d1081e05a314305757cdf1322eb104eb1df56e88416f70","William","Davis"
"208","jaclynwood@yahoo.com","pbkdf2:sha256:260000$zk63TN1JD1941p5t$e43836d4d18f82dc8910e4aa66da8bd7757aad26aa018f8a4978f7c3d512234e","Kathleen","Ball"
"209","pvillegas@yahoo.com","pbkdf2:sha256:260000$FRvy7bSKg70Jawdq$59d19193a4cdd65217a25e74be7c2e62cd19e3d7bee5b2d4aa343de2b9ba3aa2","Alexander","Castro"
"210","graykristina@gmail.com","pbkdf2:sha256:260000$LjvDyqlb1Wd3giaL$2fa222b5f1c24fd5d6956e1128e496489a239f829b148dae287aaa5e2619f954","Paul","Patton"
"211","william00@gmail.com","pbkdf2:sha256:260000$fHe3MNS1qTJrefek$e3c797461200169892869623c1ef87d5cb14890d9ef3fd7506068421f49776de","Gregory","Williams"
"212","youngdaniel@hotmail.com","pbkdf2:sha256:260000$zIDA8seGvRjbJb7M$1a724d8b4f9e4c21ebaec7dfd613fc164b8fb8df1512eea91abe75ecac245dd9","Rachael","Fitzgerald"
"213","floressheryl@yahoo.com","pbkdf2:sha256:260000$ARALkrdwO92JFI3n$965a5990538bbdf1991aea606e4d3fafce5afdac5ce1d67e923afaedc4ecb5c2","Anna","Carr"
"214","maynardthomas@gmail.com","pbkdf2:sha256:260000$W3jBg1iFJUHKOCj9$bc208b81a22014fe334be1ff760ddec5280deaddf8c6913afb42bcbfcaf756cc","Christopher","Carter"
"215","jenniferhobbs@gmail.com","pbkdf2:sha256:260000$gSnL5PTjRn4lTRGi$72d17f20f6d09cd2d3a85ffc6d630b48c610ca9121a60d1ded32dac5d10047d4","Amanda","Baker"
"216","torreskimberly@hotmail.com","pbkdf2:sha256:260000$MfACw2adcDFrOdeV$5c2250eb0a182cc99f36cb42e57d78621b09d728c15ea27b6980e5011c499293","Joseph","Richards"
"217","lconway@hotmail.com","pbkdf2:sha256:260000$ADwMmo7nQFY86NOI$d574f8eb69422722689daca39ed8662e34f375d798175b1c86a392a86a274113","Bobby","Smith"
"218","alexisrogers@gmail.com","pbkdf2:sha256:260000$8B4mV78TmtKOLEVY$e2c5fa03ce6873846ed349c96c9fd942feb0db34e4588c56b660076348924500","Shannon","Carlson"
"219","tiffanyrodriguez@hotmail.com","pbkdf2:sha256:260000$YjkW58YEToPTxEBP$c1fdab9dd72f1d283820bdb6af15091a4806a269fbaeac93a817054a2d51e0bc","Steve","Schmidt"
"220","ecarson@hotmail.com","pbkdf2:sha256:260000$BLweRS6t6Bc68XNt$bae745dac84fc3cb4ec4494c92abfcf81e0578a12f98525ad4ef34eac92b6056","Nicholas","Nguyen"
"221","tonyakeller@gmail.com","pbkdf2:sha256:260000$GnfM7phL5D0zdjwi$7bc6912c13d338a335df12149a5fe3a8877baa682fec05dd3eda41f55876a13c","Patrick","Fuentes"
"222","yruiz@yahoo.com","pbkdf2:sha256:260000$ksibUi5ptOaXnRBu$870aa9c5ef51aae3b37b8efc0a4876a61faefcd09aef11d1cf4be4f08f5c39cd","Sheri","Stewart"
"223","emurphy@yahoo.com","pbkdf2:sha256:260000$EiT2AnDWWD8Rnk1m$8f4b79275f2af441871479c75b51a399ec72ea79d25f85661f1e2dae36dcf268","Gabrielle","Mckee"
"224","christinebennett@hotmail.com","pbkdf2:sha256:260000$EZVyQEBvoWHda6Ht$33f275e69113465e4d434a4f696bf577d885f25ad5fb96455988643b01fc02c7","Thomas","Bell"
"225","zmayo@hotmail.com","pbkdf2:sha256:260000$pyaY6NIzlzSc6J5a$d6a0927b095c0e59abb3f42a8b515109c5e0080053773aacd1bb087cc5d12b88","Joshua","Anderson"
"226","melissawilliams@hotmail.com","pbkdf2:sha256:260000$G5wMG42kpUgWbGjQ$a06d78f5b6ce93ec2a153a2d77c139f1cf077f9ee6cc9f6dbed3d2a4a37d9ebf","Leslie","Gray"
"227","jamieglover@gmail.com","pbkdf2:sha256:260000$eROwI1zSxAlFNFmu$07b42cef6a601bb16251eb6cf9c6cb5b320b9a5a6f0d76587deea0755f0c66a7","Patricia","Young"
"228","jennifergonzalez@hotmail.com","pbkdf2:sha256:260000$EALYe84WkQ3BEZrj$ef2d5607a4af9d44dd81715feb12eba03a012a8a0942b394182592500789e12d","Kathleen","Fowler"
"229","meadowsjeffrey@yahoo.com","pbkdf2:sha256:260000$vVNQoAvTxjXrsgJD$a4224f0548d00426c7ee41963e3f146c3731f0231b519370abbf117a3be8dcb2","Seth","Moreno"
"230","brownjoseph@gmail.com","pbkdf2:sha256:260000$cfo5O9u6TadQwyjx$d5575c05559795bd623206861b89dd02c962d77b83d90eeff6b8910027741510","Timothy","Mason"
"231","bwade@yahoo.com","pbkdf2:sha256:260000$trChiJlRKf2Lqeqe$b454b88e503f1202079f33ae36d6ba76d196dbd2acdc254644acb0543536ff0a","Matthew","Trujillo"
"232","myerskevin@yahoo.com","pbkdf2:sha256:260000$WUPGgtiPd2Y3fCoL$503fd486c71d39d935ee032ce3e51d4bf5d0e63cad6e17331f2b1ffd01fd140c","Robert","Nguyen"
"233","loririvera@hotmail.com","pbkdf2:sha256:260000$DQRymKsD59ffWa1f$a404129f64e06e909f3666ff195e2e65692714eb14f869981682778ac50d6c22","Shelly","Boyle"
"234","tinajohnson@gmail.com","pbkdf2:sha256:260000$U25P1xPDh9PV0Jki$d715ab93f611df828cb888536b3459bc264e1affeda1c69ebed8648673271bf0","Harry","Mitchell"
"235","danderson@gmail.com","pbkdf2:sha256:260000$lThJaJVA3vgAjqiA$24c0de13509de52045c85220ca00bdad249994b340e3a9066f261416d52972ae","Stephanie","Chavez"
"236","joshua72@yahoo.com","pbkdf2:sha256:260000$mi7bodUJILbJbNKa$99e0416a5040acc5a77faf98f3820f69f7b6cb8f1cf4f9cb24631ff419e613cb","Donald","Cuevas"
"237","evansricardo@yahoo.com","pbkdf2:sha256:260000$TOLNFxb4VhzMuGnt$1f0114f6c90e17f59c2298521343a9b6397bfa08a0d82eb87215c9fd6ec5e04f","April","Gonzalez"
"238","iparker@hotmail.com","pbkdf2:sha256:260000$75QcwwPqx1SuhFhH$b645a555207ebc703373e447912d71ee0d9423796a3a17c02908d0ebb6249044","Jason","Taylor"
"239","logan10@hotmail.com","pbkdf2:sha256:260000$YsfICCpvHW8jVsM0$0f691adfe0f4f3819dd70beba309886e13a67cbdbed977019eb1a6698499aafc","Joseph","Schultz"
"240","jacqueline10@gmail.com","pbkdf2:sha256:260000$CpxXsrqLnc6caPJy$8974e682bff2fe590ec77311cf0ef1ac82e58e6f413ff8c0fd4d978c725e448c","Kimberly","Nichols"
"241","lindsayjordan@gmail.com","pbkdf2:sha256:260000$JV89T9LAuPNEPLfa$21ac95c9462b5a15f6e7b8bb4a0a1ae9cfaade03c4193bf5ae824cfe788678ba","Daniel","Rogers"
"242","timothycox@gmail.com","pbkdf2:sha256:260000$3Whw64TDm7fCD9hL$7367ac336b42502138905fd85da31f2dc54239ee9080c1b462c93e321d14e8a7","Jessica","Brown"
"243","dunnderek@yahoo.com","pbkdf2:sha256:260000$oRZZTweWR2ZoQkwh$f3db8a445e35308a2bde9e9799098c2c993aba6219377de2d85d6ae57eac6744","Sara","Collins"
"244","walkerclarence@hotmail.com","pbkdf2:sha256:260000$NzwjKvdBqzbVXf7Z$8c33aeefeb0d04e9e7be2a7de314efa7b5e0424a08828f632a093313100eb993","Timothy","Rhodes"
"245","grobinson@hotmail.com","pbkdf2:sha256:260000$BRSKzZHalS8qzX0y$463af7c6dc0e1f30a4c208ae2401b3a5662a1c8367c443690773cc6c7c28b973","Kristina","Adams"
"246","diana75@gmail.com","pbkdf2:sha256:260000$yr8laiZQdnmHzkpO$6a52b9f29c54113679b43a04f655ce2f9130312bff66a9eb5f3a1e3043a5b4cf","Joshua","Brown"
"247","gregory24@yahoo.com","pbkdf2:sha256:260000$HbJ2c87yyAqpqHSq$5074f8475c215ea9e7dd51d093d29c8d6b5e46d9184c26f9be487397f2fb8dd4","Christine","Andrews"
"248","welchmicheal@yahoo.com","pbkdf2:sha256:260000$dJTPY6lAq0GaWZKm$e8ad0bc7992924166da79adc5f8c28639c534595b434b8f9a8b8d80b1a7eec41","Rebecca","Johnson"
"249","chapmanchristine@gmail.com","pbkdf2:sha256:260000$9MMYbpEsu5sQ5omX$0a674cad894e2ab490deef910dac7165855b50a6e2e0aa670ceeab486e1e8d37","Judy","Bennett"
"250","elizabethmorgan@hotmail.com","pbkdf2:sha256:260000$z6o0QPz2TUfxag0F$afb062cbd820bccd6925043d3062c5b58726a739c2cda5e846c43ac0fbacec38","Kristina","Lawson"
"251","jonathanchan@hotmail.com","pbkdf2:sha256:260000$ybESU0lPwUamgL7B$dff216fe897a961bd32cb5456a7716f8595ca2cc8d3b58a097cd03b367aae2e8","Courtney","Wade"
"252","whill@yahoo.com","pbkdf2:sha256:260000$2Im1fNfy1r5YO2Qp$2149d9cd7dc5ab9ee6909debda99f6dc4d80dca5894d5894a6dafb0d8523449e","Garrett","Johnston"
"253","lloydjason@gmail.com","pbkdf2:sha256:260000$NnngKxITijft7eP9$18cdef36af28b2f9ad098afc5c7bfd8709408014e82c2317b22f3db3b68724c9","Brenda","Andrews"
"254","kathy58@hotmail.com","pbkdf2:sha256:260000$622DdAybGEKQY1f4$f057ed2d4aa4005c1d4492fe4598831f94c0838a1784329cf0480eeeb8ff90d3","Jenna","Reynolds"
"255","ginaproctor@hotmail.com","pbkdf2:sha256:260000$2ArUzrc9Tmmub1sJ$1bf5d6144bcd6b21c9a6f10afc1e08d7bcad6b21581d8059210d1098f7ff7716","Bruce","Mckenzie"
"256","weissjeffery@hotmail.com","pbkdf2:sha256:260000$TYjHz3rNTwBCJPiP$b16112d117fa33e81d53143c427608d89eaf8cf6f41f1141e4eb78074afd8833","Felicia","Martin"
"257","davidsonjohnny@gmail.com","pbkdf2:sha256:260000$7dA3hwPGxiUP2t29$9476844c693b73c11de1780cfce652957b21d609844f054af2a866f3b251e434","Tracy","Alvarez"
"258","jesus82@gmail.com","pbkdf2:sha256:260000$WTPKjMA9571NUlGW$df594a82c407e46c002acf0232535d605842a4f5d1dcd1d0d6ab88f9bec6cc25","Amy","Jacobs"
"259","eddiehardy@yahoo.com","pbkdf2:sha256:260000$iHvZJN75iFY8xaeJ$39a4414300c7e0367355cdace5400d8cccc848026642e03bf637184894756b87","Daniel","Cox"
"260","ryancrawford@hotmail.com","pbkdf2:sha256:260000$BV4JRwsp2m5lkLXv$7a7e537826744ab014477827a980aea8836925e8a903fc27f76d2a356ce820c7","Patrick","Jackson"
"261","qbryan@hotmail.com","pbkdf2:sha256:260000$LKXLGtHq92vbXn2y$f31bc3b6268091b97f9ec2e0e556e1bec6ba04369c6bb411c56d4ea5ca506e19","Cameron","Ross"
"262","gquinn@hotmail.com","pbkdf2:sha256:260000$m4jHCDsdAZ2iiokX$a66b037ada44f72f00246d372f4fc29b3d9f78b8549253708e18844cd5fbd32d","Matthew","Ray"
"263","hmcneil@hotmail.com","pbkdf2:sha256:260000$eWEyun9DsKDwj48m$1b9233dea81865e52a07fd1d3a2b9ac7c8cafafcd84e290fe7799db9a0991e33","Connor","Smith"
"264","laurie23@gmail.com","pbkdf2:sha256:260000$8lUJH71r2Cvaj5yr$4e81118a8e4b35138ba22af13e9a187890feb2cd12e1adb54569168c6683b6d4","Douglas","Navarro"
"265","rachelcooper@gmail.com","pbkdf2:sha256:260000$MHvYmQwqMkfCv04a$3e77cb644afff516012f19127ac82345c3c6163b22195e1af3b4afefafd605da","Rick","Herring"
"266","dmcdaniel@hotmail.com","pbkdf2:sha256:260000$k0O1KuLvHPX43Cch$d43ef555799c3713bf007fd684f8a094459335294ee6e4a41cb1963b26ac84e4","Anthony","Padilla"
"267","jasonbennett@gmail.com","pbkdf2:sha256:260000$3odRPMCXpfpOQyvD$ad0528fb6c75a3fc936de936fc182f1416491f69f8957ca5e65d8decba91448e","Linda","Jacobs"
"268","josephstewart@hotmail.com","pbkdf2:sha256:260000$mBTTSDTVzds2wR3L$edb1cceb1b39a677eae532debfd31f3312686958b49530c8bb123cdced6f7252","Leah","Cantu"
"269","amandaclark@gmail.com","pbkdf2:sha256:260000$AFE8yGY4r8OcJBWp$5ae622f18212ad15e2a1b0ae0e54dd6d5cf4dbaa3692ee1a1b8685ab66069b07","Nathaniel","Lopez"
"270","joshua83@yahoo.com","pbkdf2:sha256:260000$kVD8rFqcyO18adYk$fe72a81d49a2a8eee982accbde3b0f8b3b23695d59deda1dd5fd9fd12617dd75","Brandi","Ortiz"
"271","rreed@hotmail.com","pbkdf2:sha256:260000$Fi9QG96VyJbHmVqQ$ec6dd6fd6e9c0930b70020df182e4df9ae56f8665e9f1ad98598c505de9ab8da","Anthony","Brown"
"272","burnettdarrell@yahoo.com","pbkdf2:sha256:260000$P2eDqH7LPoW7vOwu$905f1d620279fd3bb06558e4bb2d4189960d4063a74a7176646b3856702f1018","Patricia","Sanford"
"273","mrivas@hotmail.com","pbkdf2:sha256:260000$kgus2XKZkPEbD2qw$cec80936b01136ded675bb71a132120577ee95f40bb05b6bba0340516be65bc7","Mark","Mercer"
"274","sean74@hotmail.com","pbkdf2:sha256:260000$q2NX5NImwxuSt6L1$495339c4e6c592b62e00c077ddb0db9e54e4b448a39056d1486536bb0384954b","Beth","Roberts"
"275","patriciaweiss@yahoo.com","pbkdf2:sha256:260000$CcutmUiB1PaMo6Gm$a78c37abf3041139950bf0ce4626cd16bc82bad8fbf2b7c23bce3924ccad1f36","Leah","Flowers"
"276","yoderjohn@gmail.com","pbkdf2:sha256:260000$W317aIec51PhIZwd$f6d77585834d3908e71b2a45153d274554deb6fa8417bb5bb4a40e983ec64c3d","Kimberly","Parker"
"277","toddnelson@hotmail.com","pbkdf2:sha256:260000$RoWCwXoTyX79n93y$7171020de813bda4120f49a37d8addabe9e5f3479a3bca479c7719e3b4c557be","Vanessa","Horton"
"278","kerrynelson@yahoo.com","pbkdf2:sha256:260000$mbP7TycNknjeQVSX$a7dd524d1ae21a7c59d7af3ff6ef41ee36b93caf36ab0726944bfdadd44d522a","Jeffrey","Santiago"
"279","larrynguyen@hotmail.com","pbkdf2:sha256:260000$NLTmOX4hrG6SqGGz$e892654dd700c3596327b557db944b366185594ef9b2b62bf16342ee00d29754","Mr.","Jr."
"280","sarah25@hotmail.com","pbkdf2:sha256:260000$sfTqEPuRVPSL6B58$39a06275bbec4601046c5f8abc6ca20bba592b091a9efaf3a00bb51acfee70f1","Natasha","Allen"
"281","robertscott@yahoo.com","pbkdf2:sha256:260000$VhldRAdiXIL3kLrB$e31b261005f444aabd2eb0727035769436f75cd6599e472212b0f87ee50efb48","Mrs.","Parker"
"282","stephanie27@gmail.com","pbkdf2:sha256:260000$B7wOqMBpaj7BGrpg$721709b4895931a17eacd30d414dec3df245a009c4a7821124b70690f632f28e","Steven","Diaz"
"283","bryancummings@hotmail.com","pbkdf2:sha256:260000$ntgsmyNH4ilZEEm2$3e5e23c3da83a6a52ccad5d7b77d0a24fdd94a67e227ccb375a48a3af2964325","Sherri","Thomas"
"284","stoutkyle@yahoo.com","pbkdf2:sha256:260000$5f4yPLdF0rRaRjjf$d8e7275e9a8a5c705fa22bb18c4bcac979132cb6a7d73b3fb6ef7fb249ee0151","Samuel","Becker"
"285","smithcraig@yahoo.com","pbkdf2:sha256:260000$UPzwsFap8LTbzSG7$15cc9f8d1cc953bb1d17a0bcef027b888c0242f15c8ba868f6209863226a39b3","Adriana","Anderson"
"286","vprice@gmail.com","pbkdf2:sha256:260000$5lpFwq2gkhnVpdHD$1ac83ddf84919c3654f3c0c9c2d2be49f35fddca73b13b3b96563b9cfb478ec7","Ashley","Estrada"
"287","edwardsdonald@yahoo.com","pbkdf2:sha256:260000$LEtF9T8ul283ftz8$ce12728ba8052b08b79a2390ccff1b91c3ade2f3bbf1dd29e50dbdb787a51ddc","Christopher","Goodwin"
"288","davidpeters@gmail.com","pbkdf2:sha256:260000$2nXNsQZPqYT2uFXK$7dc2c5b93850f5deb920abc63184381de951c39723936a55a6ed569938066a1d","Nancy","Chavez"
"289","marieolson@gmail.com","pbkdf2:sha256:260000$QrWyP7iXengwToqK$b0ab5f327c8b377089ab6b541100fc42171223bc2d1a562d0d1c59ad6716dbde","Gary","Erickson"
"290","michaellee@hotmail.com","pbkdf2:sha256:260000$mvNzR8H4HOAiG1Tx$f6319cd244caf37bbd6a6a6de63008591a2531aee612ffbb2cecd948895bd9fe","Cynthia","Mathis"
"291","williampetersen@gmail.com","pbkdf2:sha256:260000$siALD63sj2hPCAcv$7abfc35422f77a09c1521ec8b40322bd8c3a48df84c7cab177cd9edd590fe1a0","Todd","Curtis"
"292","valerie82@hotmail.com","pbkdf2:sha256:260000$joSL02YkbUEVmitl$3c9aba1ac893609ead34e703086e37179b75d0849dab3103cc407d06b5488ce7","Matthew","Walker"
"293","sloanmarc@yahoo.com","pbkdf2:sha256:260000$lNf5X4y1lsQO7Ol6$112538ee0fad51cf36a4c928896f04ac94cc2e56557956a35d002488af913680","Mark","Harris"
"294","sbishop@yahoo.com","pbkdf2:sha256:260000$DUUt5VE4qewyfdnq$d636cabb4997e5d3eadd6ef75ed3e047a0033cf47e096f89f6c9e704d183b6d8","Susan","Williams"
"295","kathrynraymond@yahoo.com","pbkdf2:sha256:260000$4nR8vZq9Hfoln2L2$742b959e6a58b58bd83fe8c6febe12859260ff8ba32dc5b8896fb032cd4d3f89","Kelly","Pierce"
"296","michael91@gmail.com","pbkdf2:sha256:260000$G9FXcEm6agXdGyE2$6d42255a063dfd5559d99bcabe587635ba1e2e763900423b9e10b28bb071b2b8","Janice","Meza"
"297","ivaughn@hotmail.com","pbkdf2:sha256:260000$eOVhUfSWmag8uhrW$44ecce947accc4d7cf41daaec285b745683bb79e7c4816d1a0675c2a6fd8597d","Joseph","Villarreal"
"298","paul69@yahoo.com","pbkdf2:sha256:260000$vMMNXDuSs6L2Pb2H$8557d006d5fa307573f83996cb8011753d1ccafcee0cc03ee7443b0f4e335306","Stephen","Hammond"
"299","ochapman@yahoo.com","pbkdf2:sha256:260000$CLq0nAMVZ89kJq59$87da21b757bcab5df0447f5af771f98b92480496d96449d1188b832d275b71aa","Michael","Hardy"
"300","khunt@gmail.com","pbkdf2:sha256:260000$ghggvx2dHFjoL9Qc$0b761edc5dc6d9b7f33574bab593916fe31075940ad6add444c99c21a1979759","Joseph","Parks"
"301","eflores@gmail.com","pbkdf2:sha256:260000$FXu9ynuzNaWxOjSU$87ac984109e1472a91fe04cc1a0743952d0644c3fd26d96f4902db74d3af083e","Carolyn","Kim"
"302","llopez@gmail.com","pbkdf2:sha256:260000$zZ6xbMZsA6jAcDTb$4d3afcfa9ce3915d21fb1d8bfab0f03262f5a124dc29eab368439673305e9ae5","Kevin","Wood"
"303","meaganmartin@yahoo.com","pbkdf2:sha256:260000$Bg7y8NIXzoks4u0t$5ee17b9933f06b50224cfa55188447ab54ec7e7fc0050b6971464c6bccddecbd","Matthew","Carson"
"304","brobbins@yahoo.com","pbkdf2:sha256:260000$kmzRRRv3zOScwiZn$e0947c1ce15399878556f6b842abf840ddc1bfbcc5a859942e14ae37df758aec","Daniel","Roberson"
"305","joshua22@gmail.com","pbkdf2:sha256:260000$0G1dydNwxCuJSLoF$f5c93919817ed53365fdccb34a09ea2ef2485f43cb33b9ec7a9733cd2a3e8424","Susan","Waters"
"306","johnstongerald@hotmail.com","pbkdf2:sha256:260000$W1Rsw7z1vmBvyXqh$782f20dea4d9901e8a6e8d79cd85f651fdb80d52577f6feb7dd74a168dd941c5","John","MD"
"307","jasminemcdaniel@gmail.com","pbkdf2:sha256:260000$XVEozdCrm9Iof48M$d4993afe1b1d958d98b275cac4d7e28854444aa5c2948c170f9738fe1e27ba58","Christopher","Fuller"
"308","meyerkathleen@yahoo.com","pbkdf2:sha256:260000$NKaxtJRKHVlyF7Qy$b88d15ab4c8ed214a11f54ca2a3686f6de32410d983b1d8b4cdd6c3177a9fb4b","Savannah","George"
"309","emmascott@yahoo.com","pbkdf2:sha256:260000$BcKXXu6rK6qFwrKB$9bd8082810a39ef6e6a0d0302b4b7eabf8a8d5c9147b76e03c2bb1aeca84f0eb","Lori","Leonard"
"310","jacob44@yahoo.com","pbkdf2:sha256:260000$0GfTuaKRXAPM7Lq1$c7944bf213b7dd236f72cd15b7bbb5b49bd9a58d7d71cef0dddbedc250ec2bb4","Alyssa","Matthews"
"311","ashley27@yahoo.com","pbkdf2:sha256:260000$9QYuBDCqguvNTqzq$d73e450bd102740a6bcb2c4107dc3596575cc9148122b413e7523784f4695047","Mr.","Rodriguez"
"312","christinawhite@hotmail.com","pbkdf2:sha256:260000$LHja0TS2dYvoQEHb$ad0dbecf284df0bc7b25c7bfadfb841b9d8b5eebb6dc4e18357ffcf37ae1042d","Christopher","Martin"
"313","richardvaughan@gmail.com","pbkdf2:sha256:260000$BHxSga6XHpGgJEt3$d89cba5d88fb89502a064b52c77d43d54cf42b7a4c57e438590d8299dadac763","Michael","Brown"
"314","eruiz@gmail.com","pbkdf2:sha256:260000$Y7FoYBWFufLn5pjj$a3621ae5151fdd50a95b0982640044ad137803dbd1b644c12e4f1665246fe937","Mrs.","Jones"
"315","craig07@yahoo.com","pbkdf2:sha256:260000$9pUzMNe950A8ZH3Z$edc21459dd7d2c22bda75530726175bb358784d085f1b460feb6f555ddc07973","Larry","Yates"
"316","william35@gmail.com","pbkdf2:sha256:260000$SaMPOtwfcPsSeSzr$8a25ea732871d2c285bf1edd9bf1036fc46bd8f8efdc9bad328f80b95009d3bb","Cheryl","Smith"
"317","michael04@gmail.com","pbkdf2:sha256:260000$k2jAsItw6n95uuWv$cec174a588b6307268ab1514b28aef40bdbfaf96c245361def870ad120f95479","Dawn","Roberts"
"318","timothyberger@gmail.com","pbkdf2:sha256:260000$MObbJQInwjQhYKz5$ff1cf08b500280e39b5e3c3f0a2ec1dee33a1d3f9a64e4adadca9e90014d9982","Penny","Joyce"
"319","mcmillanpeggy@hotmail.com","pbkdf2:sha256:260000$rMfIYGwRWXq32MM7$5f90db743e68663bbc68c73b8058c9ef94675656285ee826c7557eae5c25a822","Patricia","Davis"
"320","uburns@gmail.com","pbkdf2:sha256:260000$BNA2DcrmOVxmeunv$c2509a6e7cda69613d0cc2d9f4a023268ecb851aaf2b6dc2df7011c1f19af8ab","Andrew","Norris"
"321","obrown@yahoo.com","pbkdf2:sha256:260000$3LIlS81Ni0Oo3BBV$17f90d9c5aaf2e35c9eb03f1b1963a74a32fd43085cb77610b4f6f9e9fd7434b","Teresa","Fritz"
"322","milesnathan@gmail.com","pbkdf2:sha256:260000$MWzvzF3fVDldGME9$9968726d3b91acddc3043886d100bf0b277c0861b9e36f5a4fc6700b6caad934","Ann","Lam"
"323","lisaperez@yahoo.com","pbkdf2:sha256:260000$VaAMnh19dsJAC3tL$198631c4c1b5881661b9b24471cd4a20d37a8be44ccefb454e01e075c749eee7","Jessica","Cain"
"324","burtonchristina@gmail.com","pbkdf2:sha256:260000$nPeZCfxpiHb251ph$ca5ed0049b3bd0a12c1f180f24e870c1f8726b711e3430fedd6de0df109cd734","Anita","Reese"
"325","andersonlori@hotmail.com","pbkdf2:sha256:260000$d3NjN4PsJLBETPdX$1554124651d46f3689d6babb61a1c84f9004be2354fb696e898a710270d5139a","Timothy","Knox"
"326","robert74@gmail.com","pbkdf2:sha256:260000$eSzs8Pjy7By9JRq6$feefa614bdbb9abfe28cc67e59c67cf015c32ee38c55088fc6e5bfa8c68efc9d","Bethany","Herring"
"327","tcastro@yahoo.com","pbkdf2:sha256:260000$oA1Vfdb5fiiy3J36$6fe9117ad58646e46a282bd2c91df8ee1f5f69c415b35d1e42b2f76e14efb2d8","Dawn","Davis"
"328","woodpaul@gmail.com","pbkdf2:sha256:260000$bpOxR8lLegnLBdp2$8d00bf727a5c9f277b2dbefc0f809159af9c64d88bf21f9a1f79a3ceab8835a0","Stephanie","Powell"
"329","ricky62@gmail.com","pbkdf2:sha256:260000$ngYZFJA7tppkwYmy$51df777186f5daaf4fb3a9177c0f2f7c0346120a43571da5c05d09c06a469dae","Paula","Brown"
"330","watkinsheather@gmail.com","pbkdf2:sha256:260000$5pfUnCunyxBzE6Mq$7c5ec25fd3e03c8f33948aeb704b4219e99e74113946debe065f0371a9353795","Tiffany","Bryant"
"331","judith12@hotmail.com","pbkdf2:sha256:260000$Y2Anvd90qCl52jlD$a1751738958ddae01299d414c75556e64594b74efd432a07d13cc03017502fa3","Charlotte","Nunez"
"332","andrea36@hotmail.com","pbkdf2:sha256:260000$IWJl5eWQkZzDkkTA$6da9f0fd770731c10a26c5c4bff80243e236d0f13cae0a7103327ed4a3e0ef31","Susan","Dominguez"
"333","grayrebecca@yahoo.com","pbkdf2:sha256:260000$IB6yS7ZEq9CQYwxz$efcd1a7354cc1b1e10cf51823438b1af21ff72f6071f095b3cf3daf016127037","Molly","Hicks"
"334","sarahpeterson@yahoo.com","pbkdf2:sha256:260000$ZglbDupwfdsvWuf8$ee1a4d6dff8291920792e2a6024f91c716b628edd2eeee3b9cf19a11df2f7bec","Gene","Jones"
"335","zachary18@gmail.com","pbkdf2:sha256:260000$ISl96OJqcR30MNcb$f416928405965bd619d7745a8e213a2a9e0c279fafd05cfc17cd1627615ec7db","Maria","Reed"
"336","brookebrown@hotmail.com","pbkdf2:sha256:260000$Kj5GFctQj9Q0nZi6$99cfe19832cd15ff319c32278c4d22fe933f2417acf9f6d09c1b48f005dd6339","David","Daniels"
"337","cody15@gmail.com","pbkdf2:sha256:260000$hyxU5MAqoWMHIbgu$1e4f33d41891110300f1a35b060a901709c57e16f0bfb9204c8a15ccb2d53010","James","Owens"
"338","scott17@hotmail.com","pbkdf2:sha256:260000$11Ul2LfXXNq7CWVJ$eb2c5a5d8b85a3af0ee682470948ad520fabb4b23e6780825b5197012ea29982","Suzanne","Williams"
"339","douglas72@hotmail.com","pbkdf2:sha256:260000$YHgYHtbQrPwjxkn7$75037bc03151c135a5c214998756b3953181b60d4c295f615e4358dc89a500ee","Julie","Cox"
"340","wilkinsontara@gmail.com","pbkdf2:sha256:260000$uOYW1bWx9MknTdtc$43e4225fea6f2342212a4ff730b3064198427ce475304ec95a622278ee98eff4","Amanda","Preston"
"341","dmartin@hotmail.com","pbkdf2:sha256:260000$BaBi9lRsUoMsKCVw$fa7585c66d3b0143f88d184be26e1f506fafc93277e17bd05bb1218eac7dd4e3","Cheryl","Steele"
"342","wmarshall@hotmail.com","pbkdf2:sha256:260000$q9IrkVMvyWKsVsXp$025f78c6943d7a274e9cd85548b051d15b053b1093e4a923b81e66507cec6eea","Christina","Jones"
"343","angelagonzalez@hotmail.com","pbkdf2:sha256:260000$Q0YPGrTkuhnVUbnZ$4cccb14847a7f5b42f6eb93ef0f4be5a3d03a110b9571b1e5bceb1e993f92392","Bradley","Serrano"
"344","fhill@hotmail.com","pbkdf2:sha256:260000$wOnkZPkMA3MaOpMS$23e084010da5a8fe239a3b35701cbf1ddee237250efdc2c3978ae2525bf9ce19","Jeremy","Green"
"345","jflores@yahoo.com","pbkdf2:sha256:260000$070vtGNYS2U5cAAL$5e9e2e3dd818d28c3f6bacb0c959cb614f0d4a370ab5da5858a0e45edb07ae0d","Dalton","Lee"
"346","marc06@yahoo.com","pbkdf2:sha256:260000$xm0PTDODOqoL6xsa$e2da2d9f197f7d342965730766d8823c3f69e0e07fc5375a31de276a0d1eee84","Aaron","Ford"
"347","watsonandrew@yahoo.com","pbkdf2:sha256:260000$ZcQlidUzYo8NHxR2$1a2f76d5b896e1b5440a4509520a48cb25b1a5f36b9567da57a9b7c47afc0a23","Michael","Chandler"
"348","icardenas@hotmail.com","pbkdf2:sha256:260000$gue4sRHsFpCh2nh6$0037418ab58fc6001e851587475b82861d098699f65df102dc72efb4acdca498","Jennifer","Payne"
"349","bboyle@hotmail.com","pbkdf2:sha256:260000$gkiSF7c6CWDbyB36$193e15578f2d79c42cd9d04b915e5feb9ab7abdd7836acc501e1be09fa88291b","Casey","Marshall"
"350","chrisedwards@hotmail.com","pbkdf2:sha256:260000$7UojwfYG8GWUW4kU$d7aa97a855299845ee044a26471c0dbd22dd3cda8ee11d924959e3d8ff01d56e","Karen","Hays"
"351","dhall@gmail.com","pbkdf2:sha256:260000$vv5H5xxLFcByQqgb$7fe3c994bbb55e2ee0d4705908dbca99edc046309fb5a61f7ce752f3228bc562","Walter","Barker"
"352","hschmitt@hotmail.com","pbkdf2:sha256:260000$b07S6ZTvBuRtRe09$02f5845ef8340cf2922ff8cf7ecf2f04311178f35b59af489bf33a9a9005ed3f","Lindsay","Cooke"
"353","wrightdiana@gmail.com","pbkdf2:sha256:260000$Jbf8JG6jJAZqgR1P$d96a6126c937914b858d72c96c3bbd98007728736338ac7778203fc3d1091d6d","Jose","Martinez"
"354","tlamb@yahoo.com","pbkdf2:sha256:260000$l7Gc4IP3JYfeSzgo$8aa7a9121da10febe753e303490472f9a0c6c8d90c8eab170395a08b6bc801fa","Maria","Bradley"
"355","stevenbrown@yahoo.com","pbkdf2:sha256:260000$G7x2WNmX1VY1nmqV$27452fdfaccceb4990cbf42140e42f0c2fafe3e61fd7f888b5f5890be4fe32a7","Jennifer","Foster"
"356","gcampbell@yahoo.com","pbkdf2:sha256:260000$IVmV8ms5o6pwtTm4$8ca90f5c13429cfcbb23a48c30dbeaa01dd19d06ad5ba8ef8d17a6f63023a401","Ashley","Bell"
"357","sanchezpamela@gmail.com","pbkdf2:sha256:260000$vfEcbLuiv0ueTpkl$fb0aee3632250080a0d6cc6dae5499b5f6d0ff72142a39a19955ea5b3c2d7de8","Dylan","Murphy"
"358","owest@yahoo.com","pbkdf2:sha256:260000$LTmMgXGTiWWCHYSg$c607317fa0aff779f63efb13676ca223730eddf524c16f7859cc3423323d0903","Jose","Williams"
"359","christine97@gmail.com","pbkdf2:sha256:260000$KEheKvzRlgrgTubF$2349cdfa6ad110b2f3a0b9ff6a33f84ab5168581c43a647fb9e2d6ca236cdf99","Lisa","Hill"
"360","tracymurphy@yahoo.com","pbkdf2:sha256:260000$T2wkNzGUkuOXlPe4$80a4d85ab4f150fb80e1e0c966ac18a7d34239ef78aa04fa8043c81a53d8b50b","Robert","Steele"
"361","pettybrandon@hotmail.com","pbkdf2:sha256:260000$GC0E09aaCYYTsxBq$8049ecdda91724806df283d7f95db6a06d7145376f61dbe6ffdafebb5855b002","Mr.","Gilmore"
"362","matthewdavis@yahoo.com","pbkdf2:sha256:260000$ZQ7OVpBeJPvvcB2k$73bb6983a55fc581390779c9b2d9b339a29f0ab390564d40d5503a1f86d4f07e","Shari","Berry"
"363","lewisdeborah@hotmail.com","pbkdf2:sha256:260000$JIFMl2cu7phEFCCw$d8fa0350d4f3d1cd125966ebbe6f92528f559202f23f6707c88eaf3140414622","Jenny","Benton"
"364","nancy75@yahoo.com","pbkdf2:sha256:260000$G9HLivmHeCprXkc1$3743be34ff4b5ffa4c129d977616063fd302413be616211366d3866349139e0c","Derrick","DVM"
"365","edwardslinda@yahoo.com","pbkdf2:sha256:260000$LJOSu3qNagqgmsyA$06558db9f571a079212523f7b63831090ee3291d70a6da16a12711e81240d9be","Marvin","Lang"
"366","sara06@yahoo.com","pbkdf2:sha256:260000$Zi38mOAE3uafILDS$af4c71df4d90b8c2bd65c0cca9c6165e6712d6e24a68dc00dc26cf8b96bd5496","Randall","Sullivan"
"367","qschwartz@yahoo.com","pbkdf2:sha256:260000$p6fQaz2eX5oe6x4C$ecdcfe9da09790d473f1cb9a36cc0ca5760ca293f640d9b1a05dbd493d2d5f1a","Jerry","Knapp"
"368","travis62@hotmail.com","pbkdf2:sha256:260000$GqbxP4pbVnpbHw2E$2a57671239206656fec3dc793bee2549b08487ffb8668137380f88a6894245cc","Mary","Cross"
"369","hbrown@gmail.com","pbkdf2:sha256:260000$1pbyAjAUIEiiYpKz$d32f2e9ba380faabf0b64f5012dce5aee5d209ccce760f5ec93ff96c59f3da17","Julia","Cunningham"
"370","sherri01@yahoo.com","pbkdf2:sha256:260000$uiL7wTsEjmjZqDC0$25ebc7a3f529d9e3659606e9496eb2e63f29089cc1845de31b5ff5c63a6d0ec0","Amanda","Farmer"
"371","carrie84@yahoo.com","pbkdf2:sha256:260000$yZlrNs8y4sEs62Ax$c91dd4d5a20fed50e483d565876a01cd2c146db8d76d4095b65106d5ab7d07b6","Austin","Cunningham"
"372","jenniferle@hotmail.com","pbkdf2:sha256:260000$9QiXdFZppGSeS46j$49d741b883ce3ea4f1bc9269b5754e5cd288fa8f93977b35cb11181d7916c77a","Catherine","Stevens"
"373","michaelmanuel@gmail.com","pbkdf2:sha256:260000$UtQ12uMw2bSpjYFX$ff5803478bdeb8a90c96ef21c6fbdb385bde8bf9c4dd530c7548b44d0a751f48","Jose","Gonzalez"
"374","sophiajackson@yahoo.com","pbkdf2:sha256:260000$nbAra7ouRImG4JqK$e610e8c8789b262bf308462faa66b9213f1eaf288ccc760a04d0bf71e2aa8083","Brandon","Cuevas"
"375","zrobertson@gmail.com","pbkdf2:sha256:260000$F4J7dovF98rk18Uz$fabd6e33fa7feff1cc83abe915a36a225ec94dd688c254569d827d2734db3daf","Margaret","Koch"
"376","prios@hotmail.com","pbkdf2:sha256:260000$hMVVQVavEs9EJDsw$c9f2fa7c3ab24b140a9197e42769e6a58fb9752b5e226628aa8d7faa57af3f50","Paul","Moss"
"377","johnnyhernandez@yahoo.com","pbkdf2:sha256:260000$BtLzjuKIEHx8pB3x$d95aa02e72b3899b9f9d524b694624039714d6b57f7e0ac26decca2aeec0db35","Danny","PhD"
"378","jamesmyers@hotmail.com","pbkdf2:sha256:260000$yKT8fJUqkUIVCtTN$e28660e4699a14adbe59df92b9b3b2a1daaf6f303f1a8ad3528d7818e70b87a7","Deanna","Wilson"
"379","bentleyjennifer@gmail.com","pbkdf2:sha256:260000$4TK4kr3uFFsNHgHn$3abb1cb7f4be04f45e818aa7e23ae06efc1d93a7afa97f26729dce3699721c49","Amy","Campbell"
"380","benjaminbrooks@gmail.com","pbkdf2:sha256:260000$FSriZkHqYze01nuN$b7066590eb464b8f52e2e24ed200abe1294911fbc1305dcc1da0cf10e37c3fca","Amy","Maldonado"
"381","lopezgerald@hotmail.com","pbkdf2:sha256:260000$n4aCdpVSXuwHJeky$b2706dbd6d3d51fb094f5095570f703352fa0556308f24ef3602287f713d7265","Jason","Young"
"382","christine76@hotmail.com","pbkdf2:sha256:260000$4saV0aHogHpNMdjl$e54848c310a66993b7e7eebe8c99f9ab98034b5d850b9f49b84e78e799c5c90c","Chad","Price"
"383","ryanrobertson@gmail.com","pbkdf2:sha256:260000$hrmZa7M7IWK76jOh$ae8fd3c487f6bbaf822db7a737b96f0cfdf1eeba009592d24414952b13dfcb64","Holly","Rice"
"384","taylordaniel@hotmail.com","pbkdf2:sha256:260000$mgGsYuvsHvvhqE9r$0abae2b18359031a1c4ece1b7d72fb428ceea659cc89952f5b10ab855cc53f57","Antonio","Strickland"
"385","jonathanturner@gmail.com","pbkdf2:sha256:260000$a5C7kMvyiqSUQmPA$ee50c40df19933b01b706192b67437677944574a0dacdb3881138016c4facc26","Tracy","Lopez"
"386","kimberly06@gmail.com","pbkdf2:sha256:260000$DEhYGD2tq5veooRn$97a4eb3e60b9cbe2e42869116e94e7476b50fefed4c1a0f443b5ac8ac5e3091e","Kathryn","Miller"
"387","brittanygarcia@gmail.com","pbkdf2:sha256:260000$4IOShfngqXSphax0$169b8f4c664d9aeb7a0c15efa8e453400b18883a224d1424e9f515b35fb60472","Vickie","Dodson"
"388","robertsstephanie@yahoo.com","pbkdf2:sha256:260000$GEeAQkWbxioNU5rM$120e4df667a5a7d40cacb6c8563077ccad4560b4bc9619248052d6c500ec16e1","Adam","Wilson"
"389","zboone@hotmail.com","pbkdf2:sha256:260000$bhsdVKg2BsS1DTnE$8b873f66a3ebb5a03d51b63ab31161739da7c10fbd0c5bf2dd32075be6068934","Dale","Vargas"
"390","hpark@yahoo.com","pbkdf2:sha256:260000$TpzeYrFewpIUc8c9$1bf5f891585daf922186ff9d288c6afb3bead364eb1d10dc005ff371dd5e4455","Timothy","Lester"
"391","djohnston@hotmail.com","pbkdf2:sha256:260000$t1H2sFV4mURnZHYW$ba13fb0aae24c323097c60cd4ae8fed170d2d79d048aff5db216ecf5e3cbb23e","Jonathan","Jensen"
"392","kyle75@yahoo.com","pbkdf2:sha256:260000$hxf28E8hUj3rResr$eb6e1a78995022f9303ff9c6aa0c16c32f33c8501d6a35bbe6e1949ee53ace24","Joseph","Daniels"
"393","robertsemily@hotmail.com","pbkdf2:sha256:260000$GovbjiFZ46roKeHB$daf76adb91276f770b527352c2bc72d6728adc12e1b258bf8cdd2ea3fe42d98d","Olivia","Baker"
"394","linda31@hotmail.com","pbkdf2:sha256:260000$KVQ2f7Wi0flESdVI$5b875dcf314800afd0b5b9acc846cd3e72f275bd94328dd5fc0b20fad8778bd2","Lee","Graham"
"395","edwardstewart@gmail.com","pbkdf2:sha256:260000$p8xwsf6Qa3irOgn7$64e083918191e5f6b0a6d04d5de70b0cb3e7a6dc8cfc5c18489cd226ca454039","Kimberly","Olson"
"396","davidsullivan@yahoo.com","pbkdf2:sha256:260000$1dRsRjFXYh7NoYxj$41ee8d64414863170be8951f5ed4d8369780e72a824948e61d0e574ed7129bbd","Lindsay","Reed"
"397","robinsonmichael@gmail.com","pbkdf2:sha256:260000$0hGzGOZqdpMw6GdC$181673c1d33afe3ee105351e2b09708fbe5460569d0a8fc82120a08fc97da37e","Kathryn","Hampton"
"398","friley@hotmail.com","pbkdf2:sha256:260000$Wd9CHzsbfgQsPx5f$46d332d10a5036623782efc5643cc04972d1932b06ab625160221936ae675e92","Matthew","King"
"399","earnold@yahoo.com","pbkdf2:sha256:260000$hCslXApNClBYd4c1$8921bdeb76b24cc67720dee7f73d5821527a0a642be2c6194697982f765c503a","Marcus","Robinson"
"400","daleglover@hotmail.com","pbkdf2:sha256:260000$xw8K46ELNY0xojFW$5e8a4426450d012180b765e735840af1cfdd5af50de4f22540d9a5b1b39d973b","Michael","Carson"
"401","collinsmichael@gmail.com","pbkdf2:sha256:260000$dZJqhGZTXkRTt6vn$e2512494f2c2e23ede8543b7ac301b893fa446fbb5f96db89feef2732f39f2ae","John","Roth"
"402","steven58@hotmail.com","pbkdf2:sha256:260000$Ueg7CvS6GblSjsIX$9a8fc69a3a08709cd012eb4922ea8702b6f36eec9873efb607f43e7af7e7a211","Tiffany","Johnson"
"403","felicia07@hotmail.com","pbkdf2:sha256:260000$fzOvAeA40RQMErnv$e3822b544bde29d5441bf693b9a4e658488c4269978ac70565505ecebb05cd34","Emily","Robertson"
"404","cjones@gmail.com","pbkdf2:sha256:260000$TP5mGkAQKvZ1gEFa$27510cd6a6b53ff136f80865797aa66489ce3dc3ea251097e35bd9f9b013f121","Matthew","Cox"
"405","revans@gmail.com","pbkdf2:sha256:260000$AFHbTBZFSUnZ5OU4$efb3507132fb3acbdbbafe14baae0d679f63dc72c69a27f3345f6d1912bf52aa","Shannon","Thompson"
"406","hhill@yahoo.com","pbkdf2:sha256:260000$6GoGIzErHNDJUh56$f4915706a42005937e2bc2978bbbb0b6a017f49ae39cb318d60d76c44b515bf5","Kelly","Martin"
"407","randygarza@yahoo.com","pbkdf2:sha256:260000$Ot3ZmvFLOVI9RbgP$c0bd0f63ec6f69e91573e683465d85d055fa45fcbf18e7a494b461c5ab77b30a","Justin","Frye"
"408","meganevans@hotmail.com","pbkdf2:sha256:260000$0dfr1jLMnYBwgSgs$db977cbdde58afaa96e8fb34d47af46b252953a641b8eb7d7acd821590c5197b","Ann","Patterson"
"409","youngkyle@yahoo.com","pbkdf2:sha256:260000$C9ZlIxqHW1vPXN60$48f05d2d57e6c61e0bd0d0025db187a611e27e999d7271bb874217a473abb866","George","Alexander"
"410","banderson@yahoo.com","pbkdf2:sha256:260000$M8i5la4ZfweUXLuf$0d349e29d961d3300da9a626238de0c2ee753f079873362ad10f91792215e53e","Andrea","Stephenson"
"411","patricialucero@hotmail.com","pbkdf2:sha256:260000$ZOZTUZLcCW05qHrW$29611f3d78e8c849b7e7c35760ff88f6a97fde0b4719fbb7a7c5014229c33de1","Marie","Leon"
"412","jessesmith@gmail.com","pbkdf2:sha256:260000$K2Hx7itWjdk5C0RE$23acb1a99f1dfa1e56c8863cdc81ed3a6fe5a8973a0b15647ac7f2e29b65acef","Charles","Petersen"
"413","rhiggins@gmail.com","pbkdf2:sha256:260000$vPe3ztlaNWU8TfJO$43c031c0b9c88c37ead033a0fe244d6b1f6bd495aae04e1692163d6e5a8498a2","Alice","Duncan"
"414","james76@hotmail.com","pbkdf2:sha256:260000$PO2y2nJyZ98RwIvH$0b630c89619f32b22ec17a4e84ec2fff6099785b1ec54518cf7fc6ca50ace84f","Mary","Mckinney"
"415","lcruz@hotmail.com","pbkdf2:sha256:260000$l4kFxWfQ2cwC9kx5$d35b631bae3c2486de5859a3f454297759c8d46205d5d62542d5fb604a5899de","Alison","Miller"
"416","ballmary@gmail.com","pbkdf2:sha256:260000$YI3BG22qXGtdbYBg$e454ce1951fff05912906adb00f1f8a1929e7800e4d0f0e120b5fa7b80a78c79","Jimmy","Nixon"
"417","tatejames@yahoo.com","pbkdf2:sha256:260000$WhV7cGvGLrYwmMIy$88fd7a90a6f35804ac0984cd60e928467ee7bffff9a123e1d5d26b8e829ed535","John","Johnson"
"418","petersonvalerie@yahoo.com","pbkdf2:sha256:260000$Aj4PgkSwLkPzQIhT$d143a8e01deb7683e280cff93a4a246ee3bde2905f641e1cb9a979007a0b8d33","Crystal","Wells"
"419","mariabryant@gmail.com","pbkdf2:sha256:260000$8IhE2xUMCIVoerez$100dfbb67268f9bd245d53b47fd950634c5aa0d979c838f51cae84fed7ccfad8","Thomas","Richardson"
"420","gdawson@hotmail.com","pbkdf2:sha256:260000$jOukI1KkqH75K5vg$2d305997ac5434f7b176e3579ec935d1f2b0c7692c7a5c659c976b9d6c039313","Steven","Lyons"
"421","amberhart@gmail.com","pbkdf2:sha256:260000$YMRhsxDhFkpZhIbZ$00e763a7da8d254bd3dc45c6a53f1936e1a7ed8261842f717a14f487c4561d19","Elizabeth","Schmitt"
"422","laurenclark@gmail.com","pbkdf2:sha256:260000$Ucj6HFLYmn1lfver$5a64d079a8c112ca95a4ee2dfaad77b4e974e897ef007c24360c67654354a065","Jeffrey","Brown"
"423","gomezalyssa@yahoo.com","pbkdf2:sha256:260000$LBixWB7NEgbwRuag$07542fc803f4a2cceeb33495fc6f81e0f5d867a04223f5333c3c033a3a0bdf6f","Michelle","Kelly"
"424","howardryan@gmail.com","pbkdf2:sha256:260000$Lu1jjXgOoIcyMHbq$28f6c0f7a2d2b29e57b37f8d8c0886cb8db6b8aab0e9957c893a3f66706e0c33","Melissa","Ibarra"
"425","jhardy@gmail.com","pbkdf2:sha256:260000$2SIQhCI5VfaMcHAZ$7a502d998c3bbff12e4089b2213036b2d6b167ac1e2de4738388c602aae73c81","Phillip","Knapp"
"426","marysoto@yahoo.com","pbkdf2:sha256:260000$5vYI6C2wubp02qus$70076fa62613220923f0dd664205234e65e8131814cacc9837b10c3253ba6dfd","Miguel","Carney"
"427","richard89@hotmail.com","pbkdf2:sha256:260000$lmL8Wxxv0bOz33qK$bccb1742275060dc7ed55f399c1c56e242c00acb4b36d38c8991b9ce7e3ff339","Roger","Cook"
"428","loganrichards@yahoo.com","pbkdf2:sha256:260000$bIrR9R0hDaGyvyk5$ebdd8e0ef60eabdc85f06409fef8463851284963c6333872f190560d87edda3b","Michele","Lee"
"429","kenneth46@yahoo.com","pbkdf2:sha256:260000$DTajxhL69jo2HWPm$4df6bfbf1490d8a1b2f1307c5a00c94f601eb17c8b82497cb6d79567d3bddac8","Cory","Brewer"
"430","robertwalker@yahoo.com","pbkdf2:sha256:260000$GwqLSHrAkiWgF4DT$9bfd9db7da1bb66f4b13191d28f7ecdf2c0bce4b80f686d5c6e613e93267ce99","Evan","Myers"
"431","hrodgers@hotmail.com","pbkdf2:sha256:260000$O5qrG3qQqGj2xR5f$8430e337a62af5b3613ab66f4f2fdb881e23428f5e42eee6aeb022d8eacaa3b8","Megan","Mitchell"
"432","davenportsandra@yahoo.com","pbkdf2:sha256:260000$eSHw5o76H2Ug9ATu$ccb5bcd6de310eaa072e22e75cc56fb504ea2df0d657416d8df572bddc9533a2","Mike","Mcdowell"
"433","renee98@yahoo.com","pbkdf2:sha256:260000$VNP0nMbCkK3KJ4Xu$66ef61b30e89be7e20b4e0c593b09b538a7bdb9670e7aa44e8a76615234396a7","Mary","Rose"
"434","elizabeth26@yahoo.com","pbkdf2:sha256:260000$aHmcGsYYanGk67T6$6b4003885e44b637aa6adb031a7ef754d5968c5d9500893648b44e4f24090ed4","Glenn","Watson"
"435","wolfethomas@gmail.com","pbkdf2:sha256:260000$DHWclKJyQi1CjQMz$6b78cb476dc2a0b2488013de3c98892a91c353755d8707af62c93d93ef4432af","Mark","Powell"
"436","anna46@hotmail.com","pbkdf2:sha256:260000$rn4G1qWZIOw266yB$e2c564e028a4da5680bb71231ad47d635f3b73908ea9824d6bb09d7fd06d7eb6","Wanda","Stephenson"
"437","hwilliams@yahoo.com","pbkdf2:sha256:260000$58wClrNas4OF678w$ab99fe5bc3b1d59a8a81108d7d038560306e6ac195f139220705bdb96925a18a","Anthony","Parker"
"438","vincentturner@hotmail.com","pbkdf2:sha256:260000$JC1vI9MiWJIKwwxD$c8300c080e8aa9f7690050a7406c682ea65ff27f8930b68f2646d8ec1b33264c","Alyssa","Hendrix"
"439","melissaking@gmail.com","pbkdf2:sha256:260000$RlkGLZp8TgIsndYg$7c4a5456ca7a4c3a12fc46a1c2c5ed801b22488685ca3de07197a9fa38c7320d","Jessica","Lambert"
"440","ghuffman@yahoo.com","pbkdf2:sha256:260000$LRjJv8xzKAcQjEB7$c944491ee710d5f0b4ec03e84c7ef532a0711132bda513050924b747e361c262","Wendy","Klein"
"441","barrettheather@hotmail.com","pbkdf2:sha256:260000$GKFVc3G50wUCNTJ6$e3136a9840f894f04acef5631bba6160cfbac6554109fc735e7b2751cf5a70f6","Matthew","Jackson"
"442","qharrell@gmail.com","pbkdf2:sha256:260000$oBotaW1ZFJw0UqI6$5de9c277cd8c588a5f1e0786bf52d57f43104e99d300a53d137d45cd25ddea0b","Robert","Hall"
"443","amandagarner@gmail.com","pbkdf2:sha256:260000$YLVl86xirKuxhybL$d53e52b18e720e0425692dbf75163980cf2084cff8b3bd89e95f4fe3bf2387f7","Amy","Nielsen"
"444","xlevy@gmail.com","pbkdf2:sha256:260000$DtWMBSOk9XU6ZRBu$498ac1e2c71e7c2991e115afbf3aa810907ae814abc3ecbeff0309c2f242f91a","Ryan","King"
"445","carolinecooley@gmail.com","pbkdf2:sha256:260000$gf9L3Z8UkhAqOrNr$534c8409d4a70050a64d7007f8efa2720f4ee55254c8b2d0b5eafa77ad805250","Cindy","Vaughn"
"446","jonathanthompson@hotmail.com","pbkdf2:sha256:260000$1JKjgL6VFnPBdaKZ$5182a97ae9d9657af37ef7d23bc40b52cba352c90a7dd80cf11933becad4abef","Shannon","Dixon"
"447","craig52@hotmail.com","pbkdf2:sha256:260000$Ca6jZ799QxVTAxre$a2719abc934ea735f9d4ae1266d01089a8cece126163323281773c843d6121da","Phillip","Keller"
"448","ronald26@yahoo.com","pbkdf2:sha256:260000$pdeYZ7pLcZEqWSAJ$67356c4f031b4216d646f2bd27afbd60fd64fa70447e95b4088ea72aa1c5b97f","Gary","Pace"
"449","campbellstephanie@yahoo.com","pbkdf2:sha256:260000$k4HH8jG9CROciJjJ$2e7f1b4cb6befd765ef4f91d18cd10aab230f8dd1627c94becd1604807be9029","Curtis","DDS"
"450","mshelton@yahoo.com","pbkdf2:sha256:260000$o9AtuzLE7GIcuxKi$cea05ef65643a201e28a56bbe1319887bde886462f90be7ab719c1002d2d48cf","Mr.","Jr."
"451","kgray@hotmail.com","pbkdf2:sha256:260000$VfA80YlGU9P0tq20$0a6a90dcc52fca3b010f40404f6b0e505a6df5a467b19d9d4def125c8440c18c","Joshua","Nguyen"
"452","cooperrachel@yahoo.com","pbkdf2:sha256:260000$RIQFx0APC5v3gwlf$b38f8cd840d65b77db3bcb88131cc1579e9c56866c51472aac2095ba1bc16e32","Gilbert","Jackson"
"453","nwalker@hotmail.com","pbkdf2:sha256:260000$0OjjjdMffDXwf5g0$68192cb4d9b20bdc5a27147341c71d43e27ffac723f0d2ba9e7f3dedddbc1615","Rachael","Ford"
"454","zho@hotmail.com","pbkdf2:sha256:260000$34KBloGWjUyrrB31$081af35ef3be9a721beb446bc0f1dce349cb7582b207c164c1f0ce064761634a","Brittney","Castillo"
"455","bowenlori@hotmail.com","pbkdf2:sha256:260000$YobBJ9dVMDqYEHJw$0919cf7c48f92fe5bea9ab020ba42fee0066060cf63abf3f8c1803934c366d69","Erica","King"
"456","john64@gmail.com","pbkdf2:sha256:260000$qUZ3tDOPN7kiDyUe$12924b6b6ffd1d6f1746c6055ba8d5f804a9c3ccd6a20cbedb10d1a08ff36e89","John","Frank"
"457","rsmith@yahoo.com","pbkdf2:sha256:260000$94fJmSVZ7xDY4l92$cb04ddb996e152cdb441f643bfb2531949e6747ecd25c5c7551bbd42ea685297","Miguel","Soto"
"458","alejandra42@yahoo.com","pbkdf2:sha256:260000$juOy5DzjvC12cv1c$766871f03880e04f88a04b4d97f1e60fb77bb057cebdc1f2639d2804857b0538","Matthew","Cain"
"459","marycarroll@gmail.com","pbkdf2:sha256:260000$QK8xHAtav6ZsOUN2$6477c4b8a9202627db971c1256e75d77a89d08789e713b7830f160b2ad75809f","Julie","Guerrero"
"460","mwatson@yahoo.com","pbkdf2:sha256:260000$BH759mPjEZZ9jCKD$96a48fbdff3147efa810f3ba92a30492fed78a08b9c44ca42503bd633f266729","Shannon","Franklin"
"461","xwells@hotmail.com","pbkdf2:sha256:260000$HH41ddslK18YKuzc$4901815b6bc6330735e60c0107d6fec92a84d89f6d8223830e385bfae1a30279","Vanessa","Smith"
"462","jasonperez@hotmail.com","pbkdf2:sha256:260000$cXo0wupPFC3DRY2I$f0a1299a7304eecb24212fb741b50c2b712526eb0042460dfc3a468aac21eb62","Darren","Buchanan"
"463","andrewmann@hotmail.com","pbkdf2:sha256:260000$llZzmqW9pbY8tLSs$9d83809d0f9ff29346b8373e784eb0eab5468b2efd0f304a3a1d64f02f12e9e6","Shannon","Wright"
"464","lharris@yahoo.com","pbkdf2:sha256:260000$DfspHPs7vhPQ2Fqn$a14c4f5650dfb6d23a0bdeedcdb82c8608d055abf6d6e54cf7887de025362cae","Edward","Jackson"
"465","cynthia75@hotmail.com","pbkdf2:sha256:260000$p8GbJ1RAczqMGFSi$dcc865b271e2bb42f551d113521256dad2bbe1666bc3aeaeb32d7e81cc63c24b","Roy","Nichols"
"466","james44@yahoo.com","pbkdf2:sha256:260000$Blp3GMdLDKF5wHk7$5c174cebf2931a1b6c94f337e116b1363ca1d2fc6ca12422252348393d7bd729","Amy","Barrett"
"467","bridgesjames@yahoo.com","pbkdf2:sha256:260000$q8U5EGG1B5TTgAdB$899a4f7ce31ce3a1ae09c829e26ded3e9b0510d4c9cce59365052b433d3a599f","Joseph","Rogers"
"468","brianphillips@hotmail.com","pbkdf2:sha256:260000$F05WV8d8Iyyq5Lh8$856e01a2967865509a0ad2b2be9fc6c6f907c8432d0cc4b98a8375c53d61d8ce","David","Bishop"
"469","elizabeth75@yahoo.com","pbkdf2:sha256:260000$fwbbnOjO9zJsZOkd$3ac53ba1f29d579fd7e68114e0849f07d0903a8620177651c3f5bd41d5ceba1b","Gina","Golden"
"470","usmith@yahoo.com","pbkdf2:sha256:260000$y7RSRcpzU5bEX5TW$9cd96de2a5ba2745ac666726b5f5b6b1d8f49506b8be958c9b02e2aa03cb6726","Jason","Young"
"471","rebecca30@hotmail.com","pbkdf2:sha256:260000$zMtSjl7rB1jy7SiT$25c6c22a657757b5dca11dfa1159844cdbdcfdb3272a46a6af0defef72fd7ad2","Joseph","Hicks"
"472","prodriguez@yahoo.com","pbkdf2:sha256:260000$7jSBWZvRo6Bw704u$1a1e10ba9183b6fdafa7782dd8bd86c963b405e7d995cc6cd1da1911efd83cae","Matthew","Kelly"
"473","orozcovanessa@yahoo.com","pbkdf2:sha256:260000$r4smGFESk3iOXbNn$ec5926af606b8e67c5153e479f31d5829beec4da17aa863f552aa9db9a67c215","Christopher","Foster"
"474","randall01@hotmail.com","pbkdf2:sha256:260000$QRUzBAoHm9qj3sNn$22ec9fc10ad84671fde57b3c48989efdae1b5613c43dd741abc4e8fc076310d5","Mark","Lopez"
"475","jameskatelyn@gmail.com","pbkdf2:sha256:260000$k10ap0dBFBkMgJIJ$24b177b9c0d79479d90fab571642c4af15df216236e9673fdf8c695591bdb4e0","Brooke","Dixon"
"476","kylejackson@hotmail.com","pbkdf2:sha256:260000$ojqFobNJhruixpLS$739ca35e6f7bcdd335fe3ed2053bcf3fd93cda1140a98d43b2b7fabc44b819b6","Steven","Ellis"
"477","erinpowers@yahoo.com","pbkdf2:sha256:260000$OWLjHn083pNoXdWY$76c8c83541908f3ed1b7f20126060e6c5386a5e114d63a2338b0440fe1c027b5","Tyler","Waters"
"478","kylewood@gmail.com","pbkdf2:sha256:260000$8DyMZxvhXPqMdEvw$60bf3baec5daecdcfa7a107009dd04546b4bbc4c47a8b8fe377e0bd3515ce9db","Jonathan","Horton"
"479","heather06@yahoo.com","pbkdf2:sha256:260000$h3FJlKOXEL4auFvs$272ca39efc07f090a58977bda5facdecd3d616bd11a9ea85f64aafd704df2b58","James","Evans"
"480","bobbyfrank@hotmail.com","pbkdf2:sha256:260000$ZTNS4S5hCg9yQYQl$3cb8e5767be71d3074bc141c5148d9db581bbff5e08906512f772317d178f7c1","Michael","Thompson"
"481","amandacole@gmail.com","pbkdf2:sha256:260000$TPeKH1yTQz8vpcdT$bff35f09991f1d63b84a0f6cbe7a128ee922d877eb900c29f634df826989e00e","Sandra","Charles"
"482","donald30@yahoo.com","pbkdf2:sha256:260000$mWhro2M4cMXqHH3l$9082c973510a283461d3c346059166b220849831420e6faa4defc443755b3b9f","David","Allen"
"483","rushgregory@hotmail.com","pbkdf2:sha256:260000$Dgy7hvW0nh7mXdXq$ae036b6cf16b23e7f40880922357377a9ee807b9642342431a0c396c7489810f","Jose","Adams"
"484","dlopez@gmail.com","pbkdf2:sha256:260000$zbrJA0hkszmv7cgK$7e79e0eb9a73ba0af10ec3adc0b95d1ad6997516172aa4a63e0b8b6c165bba3c","Dana","Park"
"485","parkerpatrick@yahoo.com","pbkdf2:sha256:260000$alu2SaPh1mSvEqH2$6476ca166db049783fdaf9e82cfe693270e99a3015b56d0685e1687fb45c4e56","Dawn","Deleon"
"486","jwhite@hotmail.com","pbkdf2:sha256:260000$6DWf9L1gHlcUxxsX$ab2ddf0c2a168ea99004310b5508f6731b321c921fcb6bfdfd2f43591f1ec454","Ronnie","Williams"
"487","hmoran@gmail.com","pbkdf2:sha256:260000$wQL4iJUfs9cClqJo$9f1d0ca729e5c77929e9ff774564f3315428fd077e5e8911197aa200e86cba8d","James","Bryant"
"488","luke01@gmail.com","pbkdf2:sha256:260000$p0avnjBcZXTnIEDn$fd880125412fe7624a6c8adf286f48afd5bbfa75514116af59f4f04ad4f24597","Taylor","Cannon"
"489","burnettanthony@gmail.com","pbkdf2:sha256:260000$bpxMHjcqSqN25UUS$99337675a1816fb784114e50594bb07cb8b6ca2c3f2c5115241007e9ad00303f","Ashley","Zimmerman"
"490","mary14@yahoo.com","pbkdf2:sha256:260000$B972kRPPTsmIyLUZ$80a0f46a0eac4b225b7e647f8ba0a7ceabd0b215f6cc33991d6b07262080e077","Joshua","Weber"
"491","donnadixon@yahoo.com","pbkdf2:sha256:260000$xj8SO0BdBtXVm1po$23de19f52548be4b67707f11ab144c1d7404edbdfd91811254308e6f145d698f","Lori","Perry"
"492","irobertson@hotmail.com","pbkdf2:sha256:260000$dG7uUcBaHeVQtjyH$f303620128dab63253887ea812fc896b98d32b3c491f0ad16ff917cfe76b6747","Rebecca","Adams"
"493","ruthpowers@hotmail.com","pbkdf2:sha256:260000$acaHFWeTE5CUVETp$d9d6f36a111b8fd7fb9eb20459fb5736c614481b4e4b33543d08bc1a3ebad7dc","Jonathan","DDS"
"494","zgoodman@yahoo.com","pbkdf2:sha256:260000$soJHJYhLavbL7akZ$365f519221efc91a4f040ae5906eba64c8dd83124fa2abcbee91e312d66e533f","Carolyn","Wilson"
"495","derrickstrong@yahoo.com","pbkdf2:sha256:260000$dC4QqJB1713Q14bz$aac17663317b7e47a115fca676cf59132d437d8c5e9eaa380eb4cdceb48a87ed","Kenneth","Garcia"
"496","pam74@gmail.com","pbkdf2:sha256:260000$6BBXFxVrRTu7BBBX$087c09df7d6b65ac28e63b0c3d3c339bad7a4e958099c535b770cea78d29a3fe","Jose","Taylor"
"497","gainesalan@gmail.com","pbkdf2:sha256:260000$5U9a6Ys9QNk6v1BU$499ebd1b0594278ad15480e05a484c4429ad8f88199c7b7c73f8b74c591a3a0a","Christine","Mayer"
"498","phenderson@yahoo.com","pbkdf2:sha256:260000$27jsZMLzSNhZf3dk$0cf4be45c5e0d06aa00404f394381952ed83f5f3c1b6264132f97eaa454acbef","Marc","DDS"
"499","brian44@yahoo.com","pbkdf2:sha256:260000$fMUSMPqPHzpGwG7v$522db16185d52177ba2e9285383721fe9e1178d35369edd59b4900538503398e","Mary","Maldonado"
"500","pcasey@gmail.com","pbkdf2:sha256:260000$Y5BiQ7qR4uSE6o8c$7e919c3d1464b290c88fb57a26634ff8c7429afc13669da60d6ea181437d344a","Frederick","Dodson"
"501","janicejohnson@gmail.com","pbkdf2:sha256:260000$UBZ500kzFEv33taq$1a1e5e7bd12899f9a894b726e209e3cfcbb137dee85986bc579f35961b20653b","Jennifer","Evans"
"502","jordanlori@gmail.com","pbkdf2:sha256:260000$M31sHFtN2cuqc0AK$ac08745282551cab38ff3e3e9630c6450fa72a51121a46dc49317606cc326342","Mrs.","Bentley"
"503","jimmontgomery@hotmail.com","pbkdf2:sha256:260000$IfkMlb0srw6tcan3$e7a03ba78edb41fff1cbcebe80478fdb4a21edc546f12ab95c17c60d2040ee05","Mitchell","Cabrera"
"504","rclark@yahoo.com","pbkdf2:sha256:260000$9Ie6ylXTqH2cUX2B$9f36fef57e80fde47dc8e6c3805b9b9494c3384d91073b06a6eae3578289f7c2","Timothy","Maynard"
"505","ktaylor@gmail.com","pbkdf2:sha256:260000$2ZgoywWzPhS5QG1G$551b83d1bbd9d503df1e843b3eddcd739c28ad10734cc16633b221405940dde7","Jeanne","Banks"
"506","anna96@hotmail.com","pbkdf2:sha256:260000$JLdQx47pvzBAIAcc$2f03bed0e96349a447448fd90c41e7c49e1cd12736569bc70e8d6a061e3e1182","Alicia","Wilkerson"
"507","brownrichard@gmail.com","pbkdf2:sha256:260000$Fng7XicNuL6Lbl50$5defde9f9fa376effc5f8347bc0011d1811c14c6620cf14efb364ecb02b1c532","Patricia","Ruiz"
"508","mary62@yahoo.com","pbkdf2:sha256:260000$XP8NREN7WgVfzb05$2334641fa4c6c1d2ddf0fd6065bad9c5d5a0dcdb5f6998ae9a4ee1f190ee6517","Jennifer","Garrett"
"509","fdyer@gmail.com","pbkdf2:sha256:260000$ZTWHwIbYxYC3gwM0$b6bcb6a22da20f9233c7e56c344f83735bb723768bd2cfa9dad1c3512fb44429","David","Ross"
"510","veganathan@hotmail.com","pbkdf2:sha256:260000$BmnPgIeBFpDE1jeO$17fd139858047c07f8b7c125da5cb3e4caa69bfaf4781d89221b24e7d4b2506a","Shelby","Lopez"
"511","gregoryashley@hotmail.com","pbkdf2:sha256:260000$3FjMeCwUw19oEkrJ$8720d8caa4bbb556c5315b6e653d1ebd67428f31d62b79186e1160a4aa541417","David","Arnold"
"512","michaelbrooks@hotmail.com","pbkdf2:sha256:260000$nfUqXVIbMDzNtSrk$01c71cb5de6714c7b6855024b1f6cfa437a555e46b0f25dd1b67b1d0bc13acdd","Crystal","Gross"
"513","teresa26@yahoo.com","pbkdf2:sha256:260000$Ea3HohBfvyXKBbYo$e1709ee735e03e77855e82103e93c653255e5d5d8cd57e0258001b3d409cd424","Lauren","Nunez"
"514","larrybolton@gmail.com","pbkdf2:sha256:260000$PUeXUXYj2TQsipdx$bd6f1876eb942eca6827fa1931528c4f77b18ad741bcb71df48ea535f4086554","Carmen","Jones"
"515","hardingtracy@yahoo.com","pbkdf2:sha256:260000$YmMF1D6ow9okwoOk$d5c0aafeb36cc38f51900f598c015141d10658a4c8f4b41eb2e9d251c7e4911f","Eric","Mack"
"516","vrussell@hotmail.com","pbkdf2:sha256:260000$Y39dx1qw6DNsPOyt$aea072ee2e86da97b5c605605cc1b910a9b0908ea3bbd18231a8289107542e9f","Cynthia","Avila"
"517","gary56@gmail.com","pbkdf2:sha256:260000$VIpw2FU5RyFGgMQM$b6557c0b3f2a822ff1106a71f61b6ab6ca9da2f19687e8ad76d7d14bdfb29c11","Daniel","Vaughn"
"518","zacharypacheco@yahoo.com","pbkdf2:sha256:260000$pT0ZzDLOkX6xKNgD$1f32fe7198f1c7a713de1f700ae18378f1c3fd24e7fb11f01dc7dd2a75d78830","Vanessa","Norman"
"519","arnoldsteven@yahoo.com","pbkdf2:sha256:260000$kz1O9hiTE1GwDY6f$2b30833845ca04b9534ee62a473ab3df0081325f7c34cc6685bae26031ef60b5","Francisco","Mcdaniel"
"520","daleacosta@yahoo.com","pbkdf2:sha256:260000$O3WDz03QOqaY3BvU$86b490c2577e3e04c66857c8dbb711d30e73a66a3c6571265a3905ce5a2c7456","Richard","Stephens"
"521","wendycarey@yahoo.com","pbkdf2:sha256:260000$NwFUzFMKlmnrCuGY$0280d8f44d4f554931985802b2b98423cc9742af7d23ce609ea8023c45c2e6d7","Amanda","Forbes"
"522","smithpaula@hotmail.com","pbkdf2:sha256:260000$sOAmmJqA83Q1aQ0F$88c1f283037151c4022fdafe3c727a8edd38f604505a1369a97c57ed3590558f","Connor","Brown"
"523","zwong@gmail.com","pbkdf2:sha256:260000$d89eHxYCXykhmD6A$81f652a9fef8678dc01fde496232b381b85d60ff08f814344ef86f60ec147a12","Anthony","Vance"
"524","chaserobert@gmail.com","pbkdf2:sha256:260000$3DIxYV5F1jIgqrLF$45d33fee23e7a90ee2cdfafa31cbba784e3182ad8743ddc2a5c1a1447c693792","Kelly","Scott"
"525","zgarcia@yahoo.com","pbkdf2:sha256:260000$Nj2YLMIwilB0IRoB$1ba7bbffa1960e2079bf2f9d1eaab111e17ada548878b234b1ee27e6f6a4ccac","Hannah","Miller"
"526","gfarrell@gmail.com","pbkdf2:sha256:260000$AuiPERLMgCueX2EI$babd68551cfa9f45cbea8aad7e434ceba38a73a837edecc48574964ca240f9b9","Tamara","Woods"
"527","ashley68@hotmail.com","pbkdf2:sha256:260000$Zf282tLXqnPLGyy8$e66f6f97a70a5e75ae4cf563b6df6e86ef34bd5cacb8c702fe83a2593264b020","Lauren","Keller"
"528","elizabeth22@gmail.com","pbkdf2:sha256:260000$vXWYGGilFnuHNA1s$341027ba30521a402e3a0491d05f8a0c85372f46d975161016b068456cd22495","Brad","King"
"529","davidsonhenry@gmail.com","pbkdf2:sha256:260000$Vm9cVfHOlr7jYD4Z$bafe5bcd7e46a9b94eaa084fd5a807e71d1a90713cb3f7e756ee694ccc19d7d2","David","Ruiz"
"530","stacy82@gmail.com","pbkdf2:sha256:260000$0jtdJeEheRfsJxmH$3c7e2e6dd8f90710c561648ec231818944860775b485c50fe76954a0b6099512","Dr.","Sanford"
"531","ojohnson@gmail.com","pbkdf2:sha256:260000$NMTJHazl2Mho4TZd$1ce0c01cd7fc51be07e288667e4b904b3b00c95ccd9190b6266d74aab7041cd5","Michelle","Walker"
"532","ellisjulia@gmail.com","pbkdf2:sha256:260000$38jBmKkmtWdEPXnP$dc113e26445e01d7b725d120819ee8f469fa81f0ac3d5d52a191333ca705f37c","Victoria","Davis"
"533","zdavis@gmail.com","pbkdf2:sha256:260000$7j52xwUwMhk6Gcbo$860745e6893106044f8e3a25d8fa29a362a07dff36ef8ee8ae409c40ac50f2af","Dr.","Wood"
"534","jessicamanning@gmail.com","pbkdf2:sha256:260000$yguVrg5y0B3oG7rI$4b10c900cbffd126fcfb043bb89c7ee321dda3ffbf29c39a4b8cae0c4fbdd477","Jennifer","Brown"
"535","nancy17@hotmail.com","pbkdf2:sha256:260000$tSq2xoLhE3e56wdw$af38335776941bb0d8b0c282e2cc4727d559ca5a05d630989320f19d4c24a1a5","Chelsea","Harris"
"536","phillipschristine@gmail.com","pbkdf2:sha256:260000$F7oWwhD8RRpFSjYo$da3e2d8a67810004cc6fb3a4f556fe3ede1e5b35cd03d18423768e132f58143e","Rita","Casey"
"537","melvinbecker@gmail.com","pbkdf2:sha256:260000$C4xDRpZMAG4578ub$19502ef6d706823b884662f4556a5b9cda465bb73761913bf2e8890eafcba56e","Allen","Petersen"
"538","reedmichelle@hotmail.com","pbkdf2:sha256:260000$Rv9uubpUpWp66LnJ$b4b43e1c30c8f2f67a3fc7d522d07653c09068643126e47905879b9b303d4c25","Savannah","Mcknight"
"539","therrera@hotmail.com","pbkdf2:sha256:260000$gnCcLRi6zTkdedoC$bda08d372f287977bf2efdfabe7030c7344325530b9f8504bf2affdf9039879f","Benjamin","Kramer"
"540","moniquebrown@gmail.com","pbkdf2:sha256:260000$VT9N3essxir5UJKk$b878fd5f7ba7d8f6918b275edfd10a331909979f56fe5f748e2b4d234cd158a4","Susan","Frazier"
"541","fergusonwilliam@yahoo.com","pbkdf2:sha256:260000$fcA9eRtVju3fJH5k$ce2a7e1f5e635e7bdfccc975788ea3fb1da99c1e8fd98bc631d196b929c685d8","Anthony","Lewis"
"542","richmondisaac@hotmail.com","pbkdf2:sha256:260000$DGYBTcL40ZW6fotr$c0c840bc98cf17a51110f9eb6b9b571d11267a6925c006c0f931146074768d5b","Jane","Jones"
"543","rebeccadavis@yahoo.com","pbkdf2:sha256:260000$u5B6NgvJRAziEUsR$b62153700d6d9c98d9e5c927ac3b0f952790cafa52c1dd60a269dc5fc99c3e91","Mark","Farmer"
"544","loriwaller@gmail.com","pbkdf2:sha256:260000$ytA2t3jAUWoNxuHW$264249a28c459412c9182b388da79df3b0d0ea965ae7cbd62f1a8d3bc2c0bf2a","Brady","Garrett"
"545","thompsonmelissa@gmail.com","pbkdf2:sha256:260000$Uq4C0uaK7bRX66TN$2a67455d37e318c17d4884693c23746ab2939f5515d9ac0069e90489515e6559","Kenneth","Roberts"
"546","joel60@gmail.com","pbkdf2:sha256:260000$pxioOBhkXPgX7PuR$5dae179bcb6ebea869c206b0b0173b3cc3ce9d7dc6b60b30047e7ad5eeb7d3cd","Jessica","Hodges"
"547","erin39@hotmail.com","pbkdf2:sha256:260000$BarwpHR37e2aKXtn$609e9e8508a204f2263e2df962606119e5623cbb267c8e15d8038585a73adb61","Chris","Rose"
"548","lgraham@yahoo.com","pbkdf2:sha256:260000$LNL6LwBpNZQWQTRb$b05e18ea2fd7fe6d6f384d2658204a9160240f2b2ea5cecbff58a62b16526a2d","Sierra","Cooper"
"549","jessicaguerra@gmail.com","pbkdf2:sha256:260000$N7ZbZ0Ucu932RVRb$0ba1410372c4711f240d10c41fd5d3ef4ade5a8dbf8a1a4ba943fdd3a8d5aaec","Jeffery","Morgan"
